"Id","Rest Id","Name","Screen Name","Can Dm","Description","Followers Count","Normal Followers Count","Friends Count","Favourites Count","Listed Count","Statuses Count","Location","Media Count","Profile Banner Url","Profile Url","Avatar Url","Is Blue Verified","Is Verified","Possibly Sensitive","Super Follow Eligible","Professional Type","Professional Category","Tipjar Settings","Created At","Scraped At"
"VXNlcjoxMjE4MzgzMjg4OTExNTA3NDU2","1218383288911507456","VFX Grace","VfxGrace","Yes","We’re a R&D Team,""VFX Grace"" full of energy, creativity and passion for VFX. Together we grow, explore and share our joys!","2579","2579","340","166","19","303","New York","262","https://pbs.twimg.com/profile_banners/1218383288911507456/1615145710","https://x.com/VfxGrace","https://pbs.twimg.com/profile_images/1218383675097829376/c0bv5_QI_normal.jpg","No","No","No","No","","","","2020-01-18T04:03:35.000Z","2025-12-30T13:20:13.859Z"
"VXNlcjoxMTA5NTY0ODI5NjMzODYzNjgw","1109564829633863680","Chilbita🌹💛","ChilbitaSoyYO","No","@Chilbita es mia
ULTRA ANTIK
Troll 121 según los KUKAS/
MACRISTA💛 TORRISTA💛
soy Afiliada al PRO💛no violeta🫣
El KIRCHNERISMO es lo peor que nos pasa","76236","76236","45889","241600","43","102691","Chubut, Argentina","7937","https://pbs.twimg.com/profile_banners/1109564829633863680/1710643544","https://x.com/ChilbitaSoyYO","https://pbs.twimg.com/profile_images/1330706072915632133/yBKny6pX_normal.jpg","No","No","No","No","Creator","","","2019-03-23T21:17:24.000Z","2025-12-30T13:20:13.859Z"
"VXNlcjo5NzA5NDcxNg==","97094716","ariel viano 🇦🇷","arielviano","Yes","Hincha de Racing
Defender la República No es para tibios, SÚMATE.
Vecinos Solidarios EE y SP 💪🇦🇷","46330","46330","6215","342766","60","138269","","26178","https://pbs.twimg.com/profile_banners/97094716/1695501181","https://x.com/arielviano","https://pbs.twimg.com/profile_images/1852452362276712448/6VXq-dsp_normal.jpg","Yes","No","No","No","","","""is_enabled"": ""true""","2009-12-16T00:21:58.000Z","2025-12-30T13:20:13.859Z"
"VXNlcjoxMzczMDIxMjI4MDQzMjc2Mjkw","1373021228043276290","Julioac13 (Cuenta Nueva)","Julioac13","Yes","De Viedma
Anti K Anti PJ Anti populismo
Simple y Sencillo","33886","33886","26976","280659","8","256051","Viedma. Río Negro. Patagonia ","11275","https://pbs.twimg.com/profile_banners/1373021228043276290/1732008985","https://x.com/Julioac13","https://pbs.twimg.com/profile_images/1394512775318315008/3XwgabEH_normal.jpg","No","No","No","No","","","","2021-03-19T21:19:24.000Z","2025-12-30T13:20:13.859Z"
"VXNlcjoxMjA3ODU1MDQ1NzQ1NzkwOTgy","1207855045745790982","Marcos Palazzolo","marcalpalazzolo","Yes","Abogado UBA. Maestría en Relaciones Económicas Internacionales UNLAM. Fundador de @Librepublicanos
insta: https://t.co/dYmMSOg5lr","60481","60481","21812","249701","48","35884","Buenos Aires, Argentina","7186","https://pbs.twimg.com/profile_banners/1207855045745790982/1687472215","https://x.com/marcalpalazzolo","https://pbs.twimg.com/profile_images/1911456420370718720/HWlsPS0w_normal.jpg","Yes","No","No","No","","","","2019-12-20T02:47:53.000Z","2025-12-30T13:20:13.859Z"
"VXNlcjoxMzU0ODUyMDE=","135485201","Vero 😎","veroloren","No","Rómpeme el corazón pero no las Pelotas. El K es todo lo que está mal ! EL Estado No es una ONG! Vieja Meada , Ñoña Republicana, Denunciada x la No 1 Dama","44395","44395","40398","494360","37","239984","Al  Norte  del Congo Urbano","11663","https://pbs.twimg.com/profile_banners/135485201/1713746938","https://x.com/veroloren","https://pbs.twimg.com/profile_images/1816159818471645184/JHXfRPBG_normal.jpg","Yes","No","No","No","","","","2010-04-21T12:46:06.000Z","2025-12-30T13:20:13.859Z"
"VXNlcjoxMDUxODA5MzU=","105180935","Hernán Lombardi","herlombardi","No","Ministro de Desarrollo Económico del Gobierno de la Ciudad de Buenos Aires Secretario de Movilización PRO","285413","285413","3689","22607","1040","22204","Buenos Aires","4953","https://pbs.twimg.com/profile_banners/105180935/1589838169","https://x.com/herlombardi","https://pbs.twimg.com/profile_images/1651650089494913039/LcbxAJIK_normal.jpg","Yes","No","No","No","","","","2010-01-15T16:07:26.000Z","2025-12-30T13:20:13.859Z"
"VXNlcjo0MTU3NDgyOTQ3","4157482947","EL CARA (Macrista de Macri )","ElCara333_","Yes","UN PUEBLO NO ES POBRE POR COMO VIVE , SI NO POR COMO PIENSA
Para un MACRISTA no hay nada mejor que otro MACRISTA .
 Yo ni Halcón, ni Paloma, GATO.","55176","55176","22111","385630","40","221659","Ciudad Autónoma de Bs As","12388","https://pbs.twimg.com/profile_banners/4157482947/1614659568","https://x.com/ElCara333_","https://pbs.twimg.com/profile_images/1603599584995016706/MbxhlS5e_normal.jpg","No","No","No","No","","","","2015-11-10T16:08:46.000Z","2025-12-30T13:20:13.859Z"
"VXNlcjo3NTE1ODAyMTAxMzk2NTYxOTI=","751580210139656192","Luis Osvaldo","osvagoya","No","el éxito no está en la cima, sino en el proceso de escalar. Con la ironía y el humor ayudamos para ser del 56%. Viajero","33253","33253","24499","255453","19","29933","Goya, Corrientes, Argentina","22777","https://pbs.twimg.com/profile_banners/751580210139656192/1757710431","https://x.com/osvagoya","https://pbs.twimg.com/profile_images/1969739330236104704/hORA_siV_normal.jpg","Yes","No","No","No","Business","Id: 15, Name: Entertainment & Recreation","""is_enabled"": ""false""","2016-07-09T00:54:20.000Z","2025-12-30T13:20:13.859Z"
"VXNlcjoyMzYyNjgxNDk2","2362681496","Eduardo Gerome","edgerome","Yes","Ciudadano","72063","72063","123","408212","56","13036","","1315","https://pbs.twimg.com/profile_banners/2362681496/1473789197","https://x.com/edgerome","https://pbs.twimg.com/profile_images/1204828593341247488/KhPiMgoX_normal.jpg","Yes","No","No","No","","","","2014-02-26T13:27:20.000Z","2025-12-30T13:20:13.859Z"
"VXNlcjoxNDA2MjcxNTU2OTUxNzE5OTQx","1406271556951719941","Mavica","mavica81","Yes","ULTRA ANTI K Mi voto va contra el Kirchnerismo, mi cuenta alternativa es @mavica7 con contenido diferente","59700","59700","51498","94886","46","75876","","28944","https://pbs.twimg.com/profile_banners/1406271556951719941/1643584296","https://x.com/mavica81","https://pbs.twimg.com/profile_images/1406272072792350726/EuHKFI9E_normal.jpg","No","No","No","No","","","","2021-06-19T15:24:47.000Z","2025-12-30T13:20:13.859Z"
"VXNlcjoxMjgyNzczMzQ=","128277334","Cin Osorio 🌳🌻🌻🇺🇦🌻🌻🎗️","cintiaramiduart","Yes","Artesana de la vida,emprendedora , pastelera,  amante de la naturaleza y la buena música, otaku madre ,todo lo que sea tecnologia me encanta.","1839","1839","5212","491144","2","248253","En El Planeta Tierra","1099","https://pbs.twimg.com/profile_banners/128277334/1705788212","https://x.com/cintiaramiduart","https://pbs.twimg.com/profile_images/1986162162557968385/4YXo_jBa_normal.jpg","Yes","No","No","No","","","","2010-03-31T17:07:20.000Z","2025-12-30T13:20:13.859Z"
"VXNlcjoxNTAxNjE0NjE1NzI1MTYyNDk3","1501614615725162497","Echoes❄️","PixelEchoes","Yes","Pixel Artist || Learning Game dev
I make game assets too","355","355","129","9711","4","543","","185","https://pbs.twimg.com/profile_banners/1501614615725162497/1710559538","https://x.com/PixelEchoes","https://pbs.twimg.com/profile_images/1786003114409283584/CeD3SzIr_normal.jpg","No","No","No","No","","","","2022-03-09T17:43:52.000Z","2025-12-30T13:20:13.859Z"
"VXNlcjoxNDE3OTI4ODUwNDIwNDY5NzYy","1417928850420469762","𝐙𝐨𝐦𝐛𝐢𝐞✨🎨","Chombie_e","Yes","✨Greet the world with open arms✨
Artista digital | lvl 23 | chilena po ctm 🇨🇱 
Armin mi marido 💙 #cdmtwt","94","94","124","6944","0","530","","124","https://pbs.twimg.com/profile_banners/1417928850420469762/1763698161","https://x.com/Chombie_e","https://pbs.twimg.com/profile_images/1991718355682615296/c_rmnBcg_normal.jpg","No","No","No","No","","","","2021-07-21T19:26:08.000Z","2025-12-30T13:20:13.859Z"
"VXNlcjoxMDAzODczMTY4NDM4NjU3MDI0","1003873168438657024","Ryan Kinel - RK Outpost","KinelRyan","Yes","US Navy Veteran. Outspoken about basically everything. Mediocre gamer.  #GeeksandGamers #SportsWars #RKOutpost #PatriotOutpost
https://t.co/JEKlIKfSZs","90081","90081","1211","64118","271","25193","Orlando, FL","2615","https://pbs.twimg.com/profile_banners/1003873168438657024/1618412208","https://x.com/KinelRyan","https://pbs.twimg.com/profile_images/1382574854650490883/N3NZVEeC_normal.jpg","Yes","No","No","Yes","Creator","Id: 1042, Name: Content Creator","","2018-06-05T05:36:29.000Z","2025-12-30T13:20:13.859Z"
"VXNlcjo3NTY5MDA5MTA5MzI5OTYwOTY=","756900910932996096","Nina Infinity","Nina7Infinity","No","Nerdy girl who loves cats, anime, movies, books, vidy games & anything SciFi. #InfiniteHope   🇨🇦🇲🇽 
https://t.co/iCpasPPyBx","45438","45438","3693","100721","179","66217","","12207","https://pbs.twimg.com/profile_banners/756900910932996096/1469326655","https://x.com/Nina7Infinity","https://pbs.twimg.com/profile_images/1886239082126114816/RXc9O2Bz_normal.jpg","Yes","No","No","Yes","Creator","Id: 15, Name: Entertainment & Recreation","","2016-07-23T17:16:54.000Z","2025-12-30T13:20:13.859Z"
"VXNlcjo1NjY2MDgxNTc=","566608157","Eric July","EricDJuly","No","Owner of @TheRippaverse. Vox in @BackWordzMusic & Cofounder of @Beinlibertarian. @BlazeTV fire-starter. Anarcho-Capitalist. Youtube: https://t.co/An6ABaRpGR","202825","202825","661","51622","701","99932","Dallas & Corpus Tx/ Memphis","11930","https://pbs.twimg.com/profile_banners/566608157/1657491208","https://x.com/EricDJuly","https://pbs.twimg.com/profile_images/1970494265257013248/LyJBYCCZ_normal.jpg","Yes","No","No","Yes","Creator","Id: 933, Name: Media Personality","","2012-04-29T19:35:23.000Z","2025-12-30T13:20:13.859Z"
"VXNlcjoyOTY3ODMx","2967831","Chrissie Mayr🇺🇸","ChrissieMayr","No","Comedian, SimpCast, NightMayr, My album 'Live from January 6th' is on Amazon/iTunes, Friday Night Tights Fridays 4pmET on @Nerdrotics channel","224059","224059","6704","192873","497","88751","New York","9191","https://pbs.twimg.com/profile_banners/2967831/1759340419","https://x.com/ChrissieMayr","https://pbs.twimg.com/profile_images/1739181283886964736/OpH6gvg9_normal.jpg","Yes","No","No","Yes","","","""is_enabled"": ""true""
""venmo_handle"": ""chrissiemayr""","2007-03-30T12:50:39.000Z","2025-12-30T13:20:13.859Z"
"VXNlcjo3MzIwNTI0Mzk5MDIzMjY3ODU=","732052439902326785","itsagundam","GundamIsHere","No","The idiopathic anger of the righteous outlaw
Culture Critic 
CEO of DickBag Productions
Email:  jack@elktalent.com
Designer @YourPalAnus","182162","182162","317","24898","359","27810","City Dump","9282","https://pbs.twimg.com/profile_banners/732052439902326785/1628115647","https://x.com/GundamIsHere","https://pbs.twimg.com/profile_images/1696918037771804672/PPMTZ68-_normal.jpg","Yes","No","No","Yes","Creator","Id: 934, Name: Social Media Influencer","","2016-05-16T03:37:57.000Z","2025-12-30T13:20:13.859Z"
"VXNlcjozMDQzMDg4NDM0","3043088434","Flash","YellowFlashGuy","Yes","Welcome to the #IronAge","115421","115421","2118","87951","357","27127","","8242","https://pbs.twimg.com/profile_banners/3043088434/1669725424","https://x.com/YellowFlashGuy","https://pbs.twimg.com/profile_images/1602487951920865280/Nzch8br1_normal.jpg","Yes","No","No","Yes","Creator","Id: 580, Name: Media & News Company","","2015-02-17T17:10:34.000Z","2025-12-30T13:20:13.859Z"
"VXNlcjo3NTE5MTA2OTI0NDYyODE3Mjg=","751910692446281728","1/4 Black Garrett","QTRBlackGarrett","Yes","Co-Host of Friday Night Tights, Typo King. Internet drifter. Professional fool. Nightshift editor. All of my LINKS https://t.co/IZbjwGlqYd","173936","173936","1377","60172","307","12567","My YouTube channel","4239","https://pbs.twimg.com/profile_banners/751910692446281728/1636140623","https://x.com/QTRBlackGarrett","https://pbs.twimg.com/profile_images/1993239154553982976/i8ap2-W9_normal.jpg","Yes","No","No","No","Business","Id: 1042, Name: Content Creator","","2016-07-09T22:47:33.000Z","2025-12-30T13:20:13.859Z"
"VXNlcjo5NTc2NTE2NDUzMDI2MjQyNTY=","957651645302624256","thatstarwarsgirl","thatstarwarsgrl","Yes","Artist&Youtuber. I identify as a mutant. Don't @ me bro unless you're prepared to deal with the wrath of the Hobbit;) https://t.co/qCdayOaXHT","123779","123779","954","45704","394","31253","California, USA","10456","https://pbs.twimg.com/profile_banners/957651645302624256/1658916169","https://x.com/thatstarwarsgrl","https://pbs.twimg.com/profile_images/1648849911675523074/n7ob4C5J_normal.jpg","Yes","No","No","Yes","","","""is_enabled"": ""true""","2018-01-28T16:28:39.000Z","2025-12-30T13:20:13.859Z"
"VXNlcjoxNjYyMDgwMw==","16620803","Nerdrotic","Nerdrotics","Yes","YouTuber, sober ex-felon, Africa expert, and Alt-Rohirrim. 
Home of #FridayNightTights - https://t.co/W7zTNKikJM","267713","267713","748","93173","864","36696","San Antonio,Texas","12698","https://pbs.twimg.com/profile_banners/16620803/1672085496","https://x.com/Nerdrotics","https://pbs.twimg.com/profile_images/1607469191811981312/gI888UfW_normal.jpg","Yes","No","No","Yes","","","","2008-10-06T21:35:06.000Z","2025-12-30T13:20:13.859Z"
"VXNlcjoxMTUwODE4NDI2","1150818426","Jeremy Prime","DDayCobra","Yes","Founder/Owner @GeeksGamersCom | @SportsWarsNet | @ParkHoppin | @GeeksGamersPlay | @CobraCast199 🐍","106013","106013","591","42319","376","39226","Florida ","10073","https://pbs.twimg.com/profile_banners/1150818426/1739750757","https://x.com/DDayCobra","https://pbs.twimg.com/profile_images/1826005342251069440/n4Fz10An_normal.jpg","Yes","No","No","Yes","Business","","""is_enabled"": ""true""","2013-02-05T12:33:38.000Z","2025-12-30T13:20:13.859Z"
"VXNlcjoxOTkxMTU3NTcxNTQyMjk4NjI0","1991157571542298624","kelphiee","kelphiee","Yes","pokémon lover & streamer
hey@kelphiee.com / https://t.co/Fcs8NsqNfV","111","111","74","84","0","186","London, UK ","7","https://pbs.twimg.com/profile_banners/1991157571542298624/1766781000","https://x.com/kelphiee","https://pbs.twimg.com/profile_images/2004633596821118976/woPPe4-z_normal.jpg","Yes","No","No","No","Creator","Id: 959, Name: Gamer","","2025-11-19T14:52:24.000Z","2025-12-30T13:20:13.859Z"
"VXNlcjoxOTk4MTU2MjM3NDE5Mjk0NzIw","1998156237419294720","Ignacio","ignawirethings","Yes","Unreal Artist · Unreal Engine Materials, shaders, tools & pipelines Wiring things until they work (mostly)","21","21","192","27","0","40","","11","https://pbs.twimg.com/profile_banners/1998156237419294720/1765418840","https://x.com/ignawirethings","https://pbs.twimg.com/profile_images/1998165335325712384/uRSM-MW__normal.jpg","Yes","No","No","No","","","","2025-12-08T22:22:46.000Z","2025-12-30T13:20:13.859Z"
"VXNlcjoxNzkwNDg4OTQyODc1MjAxNTM2","1790488942875201536","Too Dark Studios","TooDarkStudios","Yes","An indie game studio starting its long journey in the world of development...
Made by: @FlymperLand @RenzakiDev @bia_almarts

https://t.co/eL2HLdxGBA","2710","2710","27","827","10","403","","135","https://pbs.twimg.com/profile_banners/1790488942875201536/1722983230","https://x.com/TooDarkStudios","https://pbs.twimg.com/profile_images/1820948837373980673/sH_SlLkR_normal.jpg","No","No","No","No","","","","2024-05-14T21:07:25.000Z","2025-12-30T13:20:13.859Z"
"VXNlcjoyMjE5MDQ3MjM2","2219047236","Lan","Lanstrash","Yes","Solo dev. Working on a third person ARPG. Prev made Crystal Story.","1813","1813","500","6290","29","540","","98","https://pbs.twimg.com/profile_banners/2219047236/1754763164","https://x.com/Lanstrash","https://pbs.twimg.com/profile_images/1658534711051030528/3rEWZWYV_normal.png","Yes","No","No","No","","","","2013-11-28T06:48:31.000Z","2025-12-30T13:20:13.859Z"
"VXNlcjoxNjc3MDM0ODA4MTM5MDM0NjI2","1677034808139034626","chev","chev3d","No","3d artist / making an animated music video ✨️ / maya + houdini","6168","6168","1407","8377","62","429","","61","https://pbs.twimg.com/profile_banners/1677034808139034626/1705631506","https://x.com/chev3d","https://pbs.twimg.com/profile_images/1748171357160878080/S0rXOd3o_normal.jpg","No","No","No","No","","","","2023-07-06T19:20:51.000Z","2025-12-30T13:20:13.859Z"
"VXNlcjoxNjkxMjIzOTU3MzkzODg3MjMy","1691223957393887232","CosmicDev","CosmicDev117","Yes","Developer of Wasteland Bites | A terrifying blend of cooking and survival.

☢ https://t.co/7ihjBVZdEs","760","760","46","322","7","102","","55","https://pbs.twimg.com/profile_banners/1691223957393887232/1761778235","https://x.com/CosmicDev117","https://pbs.twimg.com/profile_images/1935059889174228992/eQjMRk7f_normal.png","No","No","No","No","Creator","Id: 1009, Name: Community","","2023-08-14T23:03:19.000Z","2025-12-30T13:20:13.859Z"
"VXNlcjoxMjQ0NjQyOTY4NzIxNjUzNzYx","1244642968721653761","Xue AKA Xray Girl 🍷🧈✌️","xraygirl_","Yes","😎Nerd Padawan💛Nerdrotic and Forbidden Frontier producer 💕Co-host of Pour Choices and Saucy Saturdays ⚡️Powered by Rogue Energy 🧼 Ancient Suds","46158","46158","524","20241","165","9405","Canada","1872","https://pbs.twimg.com/profile_banners/1244642968721653761/1590836965","https://x.com/xraygirl_","https://pbs.twimg.com/profile_images/1654635210900746243/YMTJft3p_normal.jpg","Yes","No","No","No","","","""is_enabled"": ""true""","2020-03-30T15:09:48.000Z","2025-12-30T13:20:13.859Z"
"VXNlcjozMDEwOTYzNTUw","3010963550","Kara Lynne","Kara_Creates","Yes","Customer Relations Manager @TheRippaverse // YouTube Partner // Collector of Pikachus // ✉️: kara@karacreates.net","20297","20297","1607","63041","111","21258","Raleigh, North Carolina","6124","https://pbs.twimg.com/profile_banners/3010963550/1711939432","https://x.com/Kara_Creates","https://pbs.twimg.com/profile_images/1780290926843232256/Jy1sGF_5_normal.jpg","Yes","No","No","No","Creator","Id: 1042, Name: Content Creator","""is_enabled"": ""true""
""venmo_handle"": ""karagooch""","2015-02-06T06:54:15.000Z","2025-12-30T13:20:13.859Z"
"VXNlcjoyOTE3OTcxNTg=","291797158","ThePrimeagen","ThePrimeagen","Yes","skill issues: 🟩⬛️⬛️⬛️⬛️⬛️(69/420)

https://t.co/qWJnB6p4EP
https://t.co/IwY3FTx1ZE
https://t.co/TYJ6aSpwYs","319619","319619","1203","117157","1436","44333","Windows ME","4945","https://pbs.twimg.com/profile_banners/291797158/1767035892","https://x.com/ThePrimeagen","https://pbs.twimg.com/profile_images/1924503772094517249/DfKkH0ph_normal.jpg","Yes","No","No","Yes","Creator","Id: 713, Name: Science & Technology","","2011-05-02T16:42:29.000Z","2025-12-30T13:20:13.859Z"
"VXNlcjozMDUwOTkyNjc3","3050992677","Zoroarts 🦈 Paddle Paddle Paddle OUT NOW","Zoroarts","Yes","Mateo | 23 years | Moers, Germany | developing videogames solo | Creator of Makis Adventure, Rogue Jungle & Paddle Paddle Paddle | mateo.covic@zoroarts.com","6777","6777","3089","25820","60","17051","Moers, Germany","2243","https://pbs.twimg.com/profile_banners/3050992677/1754132839","https://x.com/Zoroarts","https://pbs.twimg.com/profile_images/1951418458161258496/nzfuKva4_normal.jpg","Yes","No","No","No","","","","2015-02-21T22:58:47.000Z","2025-12-30T13:20:13.859Z"
"VXNlcjoxODkwNDg3MTMwNTgyOTE3MTIx","1890487130582917121","Turbo Dog Games | Spiritstead","turbodoggames","No","Indie game dev team that builds ✨magical worlds✨ with breathtaking art.

Discord: https://t.co/v6K2nrFUux","982","982","88","467","6","190","","60","https://pbs.twimg.com/profile_banners/1890487130582917121/1754738802","https://x.com/turbodoggames","https://pbs.twimg.com/profile_images/1890487639737856000/iCONg_TS_normal.png","No","No","No","No","Business","Id: 716, Name: Video Game Company","","2025-02-14T19:44:09.000Z","2025-12-30T13:20:13.859Z"
"VXNlcjo4MjExMTI1NjQ2Mzc2MzQ1NjA=","821112564637634560","Kabewski (comms closed)","Kabooski01","Yes","Artist, game designer and enemy of IP departments.
Currently working on a small skirmish tabletop game.","55083","55083","258","20162","216","6518","","2014","https://pbs.twimg.com/profile_banners/821112564637634560/1705582615","https://x.com/Kabooski01","https://pbs.twimg.com/profile_images/1986907550994894848/IN_4VdjW_normal.jpg","No","No","No","No","Business","","","2017-01-16T21:51:05.000Z","2025-12-30T13:20:13.859Z"
"VXNlcjozMzgxODQxNzgw","3381841780","Gorka Games","GorkaGames","Yes","Game Developer | +150K Subs and +20 Million Views on YouTube | Biggest Unreal Engine 5 Creator | Made Viral Games Played by iShowSpeed, xQc, ElRubius & More","5930","5930","923","6681","39","2409","San Francisco, CA","556","https://pbs.twimg.com/profile_banners/3381841780/1685005720","https://x.com/GorkaGames","https://pbs.twimg.com/profile_images/1661653333197594624/Zz8qGfNQ_normal.jpg","Yes","No","No","No","Creator","Id: 716, Name: Video Game Company","","2015-07-18T14:27:20.000Z","2025-12-30T13:20:13.859Z"
"VXNlcjoxOTk0MjQyODY1OTcxNzMyNDgw","1994242865971732480","Hironix","h1ronix","Yes","Graphic Designer Pixel Artist

From Vietnam 🇻🇳
-----------------
Discord: h1ronix
Mail: hiro.despix@gmail.com","64","64","60","207","0","86","","27","https://pbs.twimg.com/profile_banners/1994242865971732480/1766085166","https://x.com/h1ronix","https://pbs.twimg.com/profile_images/1994243825360097280/yRsJ0NjG_normal.jpg","No","No","No","No","Creator","Id: 1025, Name: Graphic Designer","","2025-11-28T03:12:21.000Z","2025-12-30T13:20:13.859Z"
"VXNlcjo5NDEzNzY5NTYyMDUwOTI4NjQ=","941376956205092864","Zolden","ZoldenGames","No","Indie developer, now working on Simulario - a physics simulation based game, that runs all logic on GPU
Also senior dev in AAA
Unity3D, Unreal, C#, C++, HLSL","9252","9252","683","31958","91","7326","Cyprus","547","","https://x.com/ZoldenGames","https://pbs.twimg.com/profile_images/1639921407470493696/MiX8-Olz_normal.jpg","Yes","No","No","No","","","","2017-12-14T18:38:51.000Z","2025-12-30T13:20:13.859Z"
"VXNlcjoxODg0MTk4NDA5MzU3MzY1MjQ4","1884198409357365248","Genki Dev","DevGenki","No","Indie game developer || Follow to stay update with the project!","1018","1018","619","3804","4","773","Australia","208","https://pbs.twimg.com/profile_banners/1884198409357365248/1740359675","https://x.com/DevGenki","https://pbs.twimg.com/profile_images/1982931613655953408/T6QP9eQ4_normal.jpg","Yes","No","No","No","Creator","Id: 1037, Name: Game Developer","","2025-01-28T11:14:54.000Z","2025-12-30T13:20:13.859Z"
"VXNlcjoxOTM4MjI4ODYyNTMxMjgwODk2","1938228862531280896","seyed amir khansari zade","seyed0_0amir","Yes","","65","65","162","245","1","49","","18","https://pbs.twimg.com/profile_banners/1938228862531280896/1751053205","https://x.com/seyed0_0amir","https://pbs.twimg.com/profile_images/1938683758342770689/kYLv9fgy_normal.png","No","No","No","No","","","","2025-06-26T13:32:53.000Z","2025-12-30T13:20:13.859Z"
"VXNlcjozOTI0NzM3Mg==","39247372","Johann Verbroucht","jverbroucht","Yes","Founder of @studio_goblinz. Co-funder of @RaccoonBusiness . Newsletter for our next project 👇","3080","3080","1169","8351","67","6576","Thionville, France","332","https://pbs.twimg.com/profile_banners/39247372/1765564389","https://x.com/jverbroucht","https://pbs.twimg.com/profile_images/1570678475903614978/SlWH6obj_normal.jpg","Yes","No","No","No","","","","2009-05-11T13:10:16.000Z","2025-12-30T13:20:13.859Z"
"VXNlcjozNzY5OTIxMjc=","376992127","Rhos 🦋","RhosGFX","Yes","Icon Designer 🖌️

💵 Buy icons: https://t.co/68NyzCZQrI
🏆 Top seller: https://t.co/jSgDHI1KQy
🔗 Links: https://t.co/nyjGvdqqOz

#gameassets","8018","8018","80","6780","15","2526","","644","https://pbs.twimg.com/profile_banners/376992127/1620568457","https://x.com/RhosGFX","https://pbs.twimg.com/profile_images/1771960095225602048/0gLCw9l7_normal.jpg","No","No","No","No","","","","2011-09-20T20:50:54.000Z","2025-12-30T13:20:13.859Z"
"VXNlcjoxMjQ5NTEwMTg5MDcxMzk2ODY0","1249510189071396864","Faultbox ✨","Faultbox","Yes","🎨 Professional Pixel Artist 
🎮 Game Dev 
🕹️ Game Assets
 https://t.co/6HoSCoMesc  Profile & Store Art : @mizzfiend","6381","6381","452","14867","79","1522","Lost in The Keywork ","151","https://pbs.twimg.com/profile_banners/1249510189071396864/1766948523","https://x.com/Faultbox","https://pbs.twimg.com/profile_images/1996820625663393792/KmgQvROo_normal.jpg","No","No","No","No","","","","2020-04-13T01:30:27.000Z","2025-12-30T13:20:13.859Z"
"VXNlcjoxMzc1NTY3MjE1NzA2MTgxNjQx","1375567215706181641","Prisma Doker","PrismaDoker1","No","Game Dev | Tiktok
https://t.co/4yMJAJtRuG

I'm making a weird indie puzzle-adventure game.","132","132","30","253","1","14","Acuña, Coahuila de Zaragoza","8","https://pbs.twimg.com/profile_banners/1375567215706181641/1639184618","https://x.com/PrismaDoker1","https://pbs.twimg.com/profile_images/2002656532714983424/4bcpp7hR_normal.jpg","No","No","No","No","Creator","Id: 1037, Name: Game Developer","","2021-03-26T21:58:04.000Z","2025-12-30T13:20:13.859Z"
"VXNlcjoxMjQ5MTkzODQ3NjU1MDIyNTky","1249193847655022592","Imaginary Villain","ImaginaryVilla2","No","Wishlist Poppet Quest on Steam! https://t.co/Khw5VkE3ZQ

Watch me build it on Twitch! 
https://t.co/bTYZiRMhhX","1368","1368","1274","72934","8","1757","","256","https://pbs.twimg.com/profile_banners/1249193847655022592/1762404394","https://x.com/ImaginaryVilla2","https://pbs.twimg.com/profile_images/1595712761903792128/cb-uxsX9_normal.jpg","Yes","No","No","No","","","","2020-04-12T04:34:11.000Z","2025-12-30T13:20:13.859Z"
"VXNlcjoxOTM1MDE3NDUzNjM0OTM2ODMy","1935017453634936832","psychopump","psychopumpgames","Yes","Game studio focused on making weird games! 

Email contact: psychopumpstudio@gmail.com","23","23","77","177","0","40","CATHEDRAL OF KINETIC SINS","16","https://pbs.twimg.com/profile_banners/1935017453634936832/1763661255","https://x.com/psychopumpgames","https://pbs.twimg.com/profile_images/1945916184924151808/RvWi40cH_normal.jpg","Yes","No","No","No","","","","2025-06-17T16:51:43.000Z","2025-12-30T13:20:13.859Z"
"VXNlcjoxODI1MTA4MzExOTU3NzUzODU2","1825108311957753856","Saturn_no06 🎨","Saturn_no06","Yes","Estudiante de Diseño Gráfico|| 
What is God if not an artist? - Sheo 
「 Digital
「 Tradicional
Esp 🇲🇽 / Eng 🇺🇸","156","156","133","13189","0","827","My room","80","https://pbs.twimg.com/profile_banners/1825108311957753856/1723975274","https://x.com/Saturn_no06","https://pbs.twimg.com/profile_images/2004384413870940160/boa1Sxm2_normal.jpg","No","No","No","No","Creator","Id: 1025, Name: Graphic Designer","""is_enabled"": ""false""","2024-08-18T09:51:51.000Z","2025-12-30T13:20:13.859Z"
"VXNlcjoxNjk2MjcwNzcyMjI0ODgwNjQw","1696270772224880640","Indie DevChronicles","indieDevC","No","welcome to your one-stop shop on the latest  in Indie games, AAA Console game news, and gaming tech entertainment.","4608","4608","3807","32897","16","30492","Global","1202","https://pbs.twimg.com/profile_banners/1696270772224880640/1701746503","https://x.com/indieDevC","https://pbs.twimg.com/profile_images/1731876475777826816/Jcih6-1x_normal.jpg","No","No","No","No","","","","2023-08-28T21:17:47.000Z","2025-12-30T13:20:13.859Z"
"VXNlcjoxMDI4Mzc1MzM4NDMzMTc5NjUw","1028375338433179650","おがわら あや","ll_irodori_ll","Yes","☆Animation☆Illustration☆ 絵やアニメーションのお仕事をしています✏︎ 松本在住","1189","1189","364","102540","20","2923","","1200","https://pbs.twimg.com/profile_banners/1028375338433179650/1695445976","https://x.com/ll_irodori_ll","https://pbs.twimg.com/profile_images/1337400178987307010/J9URet86_normal.jpg","No","No","No","No","","","","2018-08-11T20:19:21.000Z","2025-12-30T13:20:13.859Z"
"VXNlcjoxMzgwMzYwMjY1","1380360265","Next Indie","nexindie","Yes","Your source for upcoming indie games news

nextindie1@gmail.com","23898","23898","63","649","132","3052","","2691","https://pbs.twimg.com/profile_banners/1380360265/1715762588","https://x.com/nexindie","https://pbs.twimg.com/profile_images/1889549910283780096/QFz5u7Og_normal.jpg","No","No","No","No","","","","2013-04-25T20:26:31.000Z","2025-12-30T13:20:24.846Z"
"VXNlcjoxMjIyMTU1MjE2NDQwNTgyMTQ2","1222155216440582146","Seishin","_ll_Il","Yes","Log-!N Owner @Login_inc / @Mazone_official P / @ACREATIONJP 撮監 / 【WORKS】『RedTokyoTower』『僕のヒーローアカデミア』『ホロライブ』『コンパス2.0』 / ご依頼はDMまたはこちらから→ https://t.co/MY5XTzSUbv","1354","1354","498","1974","6","761","アニメ業界,IP開発","115","https://pbs.twimg.com/profile_banners/1222155216440582146/1752161812","https://x.com/_ll_Il","https://pbs.twimg.com/profile_images/1920505226215223296/7dS1dAhv_normal.jpg","Yes","No","No","No","Creator","Id: 1090, Name: Visual Effects Artist","","2020-01-28T13:52:23.000Z","2025-12-30T13:20:24.846Z"
"VXNlcjoxMjQ3MzI1OTI1NzAxNTg2OTQ0","1247325925701586944","Randy Becker 🕹️ Unit Down","ProperDeveloper","Yes","Indie Game Developer  |  Exe Game Dev.

If you post Star Fox, I'll like ya.
Known for my Exe fan games, but currently working on Unit Down Charge on Steam.","729","729","170","10060","8","2083","Email:  randy@properdev.info","384","https://pbs.twimg.com/profile_banners/1247325925701586944/1688603321","https://x.com/ProperDeveloper","https://pbs.twimg.com/profile_images/1712633779842605056/gwzVAUZj_normal.jpg","No","No","No","No","","","","2020-04-07T00:51:00.000Z","2025-12-30T13:20:24.846Z"
"VXNlcjozOTYzNzE5NjU0","3963719654","ROLU","rolu_art","Yes","creating worlds

illustration || 3d || concept design","1983","1983","1002","7361","22","2139","","688","https://pbs.twimg.com/profile_banners/3963719654/1630280138","https://x.com/rolu_art","https://pbs.twimg.com/profile_images/1598178062532608000/0QbgnVX2_normal.jpg","No","No","No","No","","","","2015-10-21T00:58:08.000Z","2025-12-30T13:20:24.846Z"
"VXNlcjozMDU0OTM5OTI4","3054939928","Atmo","Atmonez","Yes","Cyber Artist / Motion Designer","35692","35692","877","157452","342","48169","","3451","https://pbs.twimg.com/profile_banners/3054939928/1655116958","https://x.com/Atmonez","https://pbs.twimg.com/profile_images/1549850775156817922/Z4o4llKu_normal.jpg","Yes","No","No","No","Creator","Id: 1025, Name: Graphic Designer","""is_enabled"": ""true""
""ethereum_handle"": ""0x4Fd4c35020CFd14f167BC1D888eb903D7A650768""","2015-02-23T05:19:23.000Z","2025-12-30T13:20:24.846Z"
"VXNlcjoxMjU0NTg2MDA5","1254586009","Baolly","baollyy","No","3D environment artist @gameloft Montreal 🪨🪵 prev: @ubisoft | twitch: https://t.co/3vvpEoJ5BG","2051","2051","192","950","18","284","","110","https://pbs.twimg.com/profile_banners/1254586009/1749358704","https://x.com/baollyy","https://pbs.twimg.com/profile_images/1948448668245196800/NfsIIZ3B_normal.jpg","No","No","No","No","","","","2013-03-09T14:57:42.000Z","2025-12-30T13:20:24.846Z"
"VXNlcjoxMjY0NDcyNzU2NzU1ODA0MTYy","1264472756755804162","Games Artist Community","GamesArtistUK","No","We are a community filled with the upmost talented artists across the globe. Here, we showcase their artwork, pipelines & workflows. https://t.co/g1jyYhloMI","9845","9845","5001","1866","60","834","London","585","https://pbs.twimg.com/profile_banners/1264472756755804162/1698399797","https://x.com/GamesArtistUK","https://pbs.twimg.com/profile_images/1595417330053431297/JNt39alh_normal.jpg","Yes","No","No","No","Business","Id: 144, Name: Education","","2020-05-24T08:26:22.000Z","2025-12-30T13:20:24.846Z"
"VXNlcjo4NDIwMjAwMjI=","842020022","chloe🌙","chloeworthyart","Yes","2D/3D Character Artist | (they/them) |Mouse Sculptings #1 Fan | Streamer for Maxon Zbrush | Goo Studios | Game7 | Triathlete |","25926","25926","1006","146364","134","15641","","990","https://pbs.twimg.com/profile_banners/842020022/1693483420","https://x.com/chloeworthyart","https://pbs.twimg.com/profile_images/1696736265247338496/HbteetzW_normal.jpg","No","No","No","No","Creator","Id: 1017, Name: Artist","","2012-09-23T16:42:45.000Z","2025-12-30T13:20:24.846Z"
"VXNlcjoxNTIxMTE1NTAw","1521115500","Joseph Burgos","SSJ_Joseph","Yes","☣️ Mid Level 3D PewPew Artist on @VALORANT // Riot JoeShmoe562 // shitposts, guns, and gun shitposts // Opinions are very much my own // AK-15 Enthusiast","2094","2094","1964","44479","8","7776","","668","https://pbs.twimg.com/profile_banners/1521115500/1504383433","https://x.com/SSJ_Joseph","https://pbs.twimg.com/profile_images/1769909035132977152/hDtEeZ_v_normal.jpg","No","No","No","No","","","","2013-06-16T04:06:40.000Z","2025-12-30T13:20:24.846Z"
"VXNlcjoxMzc1NDg1NjI3NzE0NTMxMzI4","1375485627714531328","Stellari!!","Stellari___","Yes","(she/he/they) pixel-artist!! || Working at Block Factory! Helped at pixelusion! https://t.co/lr1nh2MWZI","2268","2268","287","7274","21","2136","Somewhere in Mexico","198","https://pbs.twimg.com/profile_banners/1375485627714531328/1748058207","https://x.com/Stellari___","https://pbs.twimg.com/profile_images/1921751194445209601/O-0rLJ3j_normal.jpg","No","No","No","No","Creator","Id: 1017, Name: Artist","","2021-03-26T16:31:50.000Z","2025-12-30T13:20:24.846Z"
"VXNlcjo3ODc5NzA1NDQ4MjIwODM1ODQ=","787970544822083584","Vintage Story","VintageStory_","No","#VintageStory is an uncompromising wilderness survival sandbox game inspired by lovecraftian horror themes. #gamedev #indiedev #indiegame","15827","15827","17","2623","28","968","","338","https://pbs.twimg.com/profile_banners/787970544822083584/1648929449","https://x.com/VintageStory_","https://pbs.twimg.com/profile_images/793528772289060864/Bq149UAz_normal.jpg","No","No","No","No","Business","Id: 716, Name: Video Game Company","","2016-10-17T10:56:32.000Z","2025-12-30T13:20:24.846Z"
"VXNlcjoxNzQwOTM3NzMyMTI0MTgwNDgw","1740937732124180480","Vampire's Veil | Wishlist on Steam! 🦇","FairyCaveStudio","Yes","2D pixel art #Metroidvania with a focus on combat, platforming challenges, and a touch of sensuality. Currently in development

https://t.co/z3uXgXWXry","5573","5573","5040","18126","54","1289","Haven Thorn","226","https://pbs.twimg.com/profile_banners/1740937732124180480/1750613005","https://x.com/FairyCaveStudio","https://pbs.twimg.com/profile_images/1946214196984659968/E6W_0PBF_normal.jpg","Yes","No","No","No","","","","2023-12-30T03:28:27.000Z","2025-12-30T13:20:24.846Z"
"VXNlcjoxNzk4NDAwMjc=","179840027","Christopher","chrisyabsleydev","Yes","I make Horror Games™
⚔️ TBA First Person Diablo-Like
🍎 The Fruit  🐷 Pigsaw","4668","4668","787","22960","124","16402","Melbourne, Victoria","1487","https://pbs.twimg.com/profile_banners/179840027/1676591201","https://x.com/chrisyabsleydev","https://pbs.twimg.com/profile_images/1842773615877804032/bk3Nm5Ah_normal.jpg","No","No","No","No","","","","2010-08-18T06:32:42.000Z","2025-12-30T13:20:24.846Z"
"VXNlcjoxMDg0MTc4Njk0MjAwMDEyODAx","1084178694200012801","SandwichColonel","SandwichColonel","Yes","WELCOME TO VIOLENT CITY","8505","8505","163","41845","83","5841","","1436","https://pbs.twimg.com/profile_banners/1084178694200012801/1721010463","https://x.com/SandwichColonel","https://pbs.twimg.com/profile_images/2004206462432583680/9fHFTQ5X_normal.jpg","No","No","No","No","","","","2019-01-12T20:01:58.000Z","2025-12-30T13:20:24.846Z"
"VXNlcjo5MzAwMjQyMg==","93002422","ansimuz","ansimuz","No","Building Terry Tales and keeping the 16-bit spirit alive—pixel by pixel","20569","20569","19","644","323","8385","Nowhere","2237","https://pbs.twimg.com/profile_banners/93002422/1714331373","https://x.com/ansimuz","https://pbs.twimg.com/profile_images/1272969808007626762/XhUQYtqO_normal.png","Yes","No","No","No","Creator","Id: 920, Name: Other","","2009-11-27T16:43:58.000Z","2025-12-30T13:20:24.846Z"
"VXNlcjoxNzI3MDIwNzU5MjU4NjkzNjMy","1727020759258693632","Echoes of the Cove | Wishlist now on Steam","EchoesOfTheCove","Yes","Action adventure RPG set in a forgotten coastal town. Explore the Cove, battle strange creatures and rebuild a community on the edge of the sea. In development.","517","517","409","1874","2","571","WISHLIST ON STEAM","120","https://pbs.twimg.com/profile_banners/1727020759258693632/1765466079","https://x.com/EchoesOfTheCove","https://pbs.twimg.com/profile_images/1999171609790185473/24jkOiYT_normal.jpg","Yes","No","No","No","","","","2023-11-21T17:47:16.000Z","2025-12-30T13:20:24.846Z"
"VXNlcjozMTM0MTgxMDUw","3134181050","V K Samhith","vksamhith","Yes","Making Dodo Duckie where you switch between 2D and 3D to solve puzzles. Dropping on PC in 2026 Q1. Wishlist ▶ https://t.co/ozJilhIWH1","29960","29960","27315","7067","53","3630","Dodo Duckie","1078","https://pbs.twimg.com/profile_banners/3134181050/1745564650","https://x.com/vksamhith","https://pbs.twimg.com/profile_images/1947306227911766016/of7Na11j_normal.jpg","Yes","No","No","No","Creator","Id: 1037, Name: Game Developer","""is_enabled"": ""false""","2015-04-03T04:58:07.000Z","2025-12-30T13:20:24.846Z"
"VXNlcjoxNzE2Mzg0Mzk0NjUzNjc1NTIw","1716384394653675520","ギリ子@884games_インディーゲーム開発_indie game developer","884games","Yes","個人で #ゲーム制作 しています。2026年完成予定の #ギリJumpスターラッシュ Steamストアページにて公開中！
過去作の #ギリJumpエクストリーム はSwitchにて発売中です。読み方はハチハチヨンゲームズ。Lineスタンプ→https://t.co/JWaFBq7DMA","1167","1167","922","7916","12","295","Gifu-Japan","154","https://pbs.twimg.com/profile_banners/1716384394653675520/1762162385","https://x.com/884games","https://pbs.twimg.com/profile_images/1985679980270071808/bi__gWix_normal.jpg","No","No","No","No","","","","2023-10-23T09:22:13.000Z","2025-12-30T13:20:24.846Z"
"VXNlcjoxMzUwNTk1NTk5MjcyNDY0Mzky","1350595599272464392","Alien 👽 Max | 🇺🇦 game developer","delaigrodela","No","Game developer, 7 years Unity, now working on Sci-Fi, Unreal Engine. Before gamedev 15 years programming diverse stack: db, mob, web, apps, startups, corps","7491","7491","1358","38583","79","10600","Ukraine","4591","https://pbs.twimg.com/profile_banners/1350595599272464392/1668375161","https://x.com/delaigrodela","https://pbs.twimg.com/profile_images/1987579068707946497/muFA-Re-_normal.jpg","Yes","No","No","No","Business","Id: 1037, Name: Game Developer","","2021-01-17T00:09:00.000Z","2025-12-30T13:20:24.846Z"
"VXNlcjo1MDMwNzg1OA==","50307858","CGHOW","cghow_","Yes","Ashif Ali, Lead VFX Artist for #MortalKombat1 and Founder of #CGHOW 
👉Free Tutorials - https://t.co/VR6GseBXdP #UE5Niagara  #UE5 
https://t.co/Keaf6GUj4W","7131","7131","4391","4259","69","12491","India","6034","https://pbs.twimg.com/profile_banners/50307858/1709446148","https://x.com/cghow_","https://pbs.twimg.com/profile_images/1969297422640955393/pxLLOrci_normal.jpg","No","No","No","No","Creator","Id: 1037, Name: Game Developer","""is_enabled"": ""true""
""patreon_handle"": ""Ashif""","2009-06-24T13:43:27.000Z","2025-12-30T13:20:24.846Z"
"VXNlcjoxNDQ3ODU0MDY2MzM2MzcwNjg5","1447854066336370689","アカルカネ","AcarcaneCG","No","CG・ゲーム・映像制作に役立つ『おすすめチュートリアル』を紹介しています。
Blender, Maya, Houdini, Unreal Engineなど、初心者から上級者まで楽しめる幅広いジャンルの情報をXとnoteで配信中です📡
非営利団体「Blender財団 (オランダ)」開発基金ゴールドサポーター🪙","22323","22323","2708","212023","241","4626","","1456","https://pbs.twimg.com/profile_banners/1447854066336370689/1672978290","https://x.com/AcarcaneCG","https://pbs.twimg.com/profile_images/1543777864256212992/9_dkEFx__normal.png","Yes","No","No","No","","","","2021-10-12T09:18:26.000Z","2025-12-30T13:20:24.846Z"
"VXNlcjoyNDUwNzQzMDIw","2450743020","Phong Ly","lyhongphong87","No","Create and Rig Characters using Blender
You can find rigged characters at: 
https://t.co/KDbMXsTYsW
https://t.co/QDTuUlOZuE","2484","2484","856","17107","44","3336","Hà Nội, Việt Nam","2449","https://pbs.twimg.com/profile_banners/2450743020/1765617627","https://x.com/lyhongphong87","https://pbs.twimg.com/profile_images/1992872495821754368/b6_FayfZ_normal.jpg","Yes","No","No","No","","","","2014-04-18T03:10:31.000Z","2025-12-30T13:20:24.846Z"
"VXNlcjoxNjM1NzkxODc5NTk3MDk2OTYw","1635791879597096960","Kevin Lim Wanasili","_cgman_","Yes","Self-taught 17 years old CGI 3D environment and lighting artist","428","428","204","8348","4","1029","Tangerang, Indonesia","169","https://pbs.twimg.com/profile_banners/1635791879597096960/1711791482","https://x.com/_cgman_","https://pbs.twimg.com/profile_images/1774009921773912064/0C5GAaKq_normal.jpg","No","No","No","No","Business","Id: 1090, Name: Visual Effects Artist","","2023-03-14T23:56:05.000Z","2025-12-30T13:20:24.846Z"
"VXNlcjo5MzI3ODA2NTk0NTc3Nzc2NjQ=","932780659457777664","SamHatesUnicorns🔶","Un1cornHuntrSam","Yes","Active contestant in Try not to destroy my PC challenge

Follow my new instagram @ unicornhuntercg 

Download auto-terrainer v2 now !","5424","5424","834","22525","58","6585","ur mom","526","https://pbs.twimg.com/profile_banners/932780659457777664/1705316847","https://x.com/Un1cornHuntrSam","https://pbs.twimg.com/profile_images/1385614180691038214/Y_KL10P7_normal.jpg","No","No","No","No","Creator","Id: 15, Name: Entertainment & Recreation","","2017-11-21T01:20:14.000Z","2025-12-30T13:20:24.846Z"
"VXNlcjoyOTEzNjk5NjI4","2913699628","80 LEVEL","80Level","No","80 Level® is the best place for game developers, digital artists, animators, video game enthusiasts, CGI and VFX talents. https://t.co/WnIWLqeMeK…","255333","255333","1681","7277","2275","35212","Los Angeles","33248","https://pbs.twimg.com/profile_banners/2913699628/1737519901","https://x.com/80Level","https://pbs.twimg.com/profile_images/1881922530447175681/EeI5ZnY6_normal.jpg","Yes","No","No","No","Business","Id: 580, Name: Media & News Company","","2014-12-10T12:06:32.000Z","2025-12-30T13:20:24.846Z"
"VXNlcjoxMzEzOTc3OTM2MTg2MzU1NzEy","1313977936186355712","Azumon","AzuPsx","Yes","2D/Pixel Art Animation - GameDev","491","491","996","18435","3","895","🇻🇪 🇺🇸 🇯🇵","20","https://pbs.twimg.com/profile_banners/1313977936186355712/1682561691","https://x.com/AzuPsx","https://pbs.twimg.com/profile_images/1652138817120268288/dTF1yRbV_normal.jpg","No","No","No","No","","","","2020-10-07T23:05:02.000Z","2025-12-30T13:20:24.846Z"
"VXNlcjo4NzM5NTI2NzQ2MjYwOTcxNTI=","873952674626097152","OriginTheHero","OriginTheHero","No","David, he/him, sprite artist/animator (DEATH BATTLE!, Riot Rumble). I push myself hard, so am constantly burnt out lol 

Banner @CarbonatedJem @Sunmellows","5025","5025","495","18385","8","7245","Virginia, USA","1539","https://pbs.twimg.com/profile_banners/873952674626097152/1765174862","https://x.com/OriginTheHero","https://pbs.twimg.com/profile_images/1842385747090853888/KzclUXpQ_normal.jpg","No","No","No","No","","","","2017-06-11T17:18:49.000Z","2025-12-30T13:20:24.846Z"
"VXNlcjo4MDU5NTM4OTM5ODkzNzE5MDQ=","805953893989371904","dotflare","dotflare3","Yes","3D Artist - Commissions Closed!
https://t.co/BX1KMHLc6E
she/her

🧡@747shove","33607","33607","797","1740","63","4189","modeling hell","989","https://pbs.twimg.com/profile_banners/805953893989371904/1677638750","https://x.com/dotflare3","https://pbs.twimg.com/profile_images/1677573749166706688/9xrcsbCQ_normal.png","No","No","No","No","Creator","","","2016-12-06T01:55:57.000Z","2025-12-30T13:20:24.846Z"
"VXNlcjoxNzA2MzM5OTkzOTc4MDY0ODk2","1706339993978064896","Axial Escape","AxialEscape","Yes","Axial Escape is a game developer who believes games should be equal parts profound and entertaining. Developing Born in Reverie.","24","24","51","128","0","73","","41","https://pbs.twimg.com/profile_banners/1706339993978064896/1695658877","https://x.com/AxialEscape","https://pbs.twimg.com/profile_images/1706340053537181696/pnrzxKOi_normal.png","No","No","No","No","Creator","Id: 15, Name: Entertainment & Recreation","","2023-09-25T16:09:05.000Z","2025-12-30T13:20:24.846Z"
"VXNlcjozMDk1OTEwMQ==","30959101","Daye Williams","TacoBell_Lord","Yes","Burrito Connoisseur..I write stuff, develop video games...idk dude whatever..

Alley 💙 Soleil 💜","2113","2113","856","338090","41","89904","Queens, NYC (Ivalice)","1983","https://pbs.twimg.com/profile_banners/30959101/1612325155","https://x.com/TacoBell_Lord","https://pbs.twimg.com/profile_images/1999379008459362305/4-wUHp1-_normal.jpg","No","No","No","No","","","","2009-04-13T21:00:47.000Z","2025-12-30T13:20:24.846Z"
"VXNlcjozMzIxODg3MDQy","3321887042","Jack ✨wishlist koromeke✨","jack_turps","Yes","Making games","59","59","892","43605","0","593","","86","https://pbs.twimg.com/profile_banners/3321887042/1579508654","https://x.com/jack_turps","https://pbs.twimg.com/profile_images/1929917836643753985/Qc7d0vTT_normal.jpg","No","No","No","No","","","","2015-08-21T02:40:22.000Z","2025-12-30T13:20:24.846Z"
"VXNlcjoxMDk3ODEzNTkxODY3MjQ4NjQw","1097813591867248640","Cascadeur – The Future of Animation","cascadeur3d","Yes","AI-assisted 3D animation software
• Assisted posing
• Inbetween motion generation
• Physics correction of motion
• Mocap cleanup & editing
• Mocap from video","12014","12014","290","1976","90","1109","Cyprus","365","https://pbs.twimg.com/profile_banners/1097813591867248640/1766773553","https://x.com/cascadeur3d","https://pbs.twimg.com/profile_images/1745369917203890176/rZMtcH2U_normal.png","Yes","No","No","No","Business","Id: 986, Name: Software Application","","2019-02-19T11:02:11.000Z","2025-12-30T13:20:24.846Z"
"VXNlcjoxMTY0MzEyMDI2NDg4OTgzNTUy","1164312026488983552","suchy - wishlist Plush Time!","plushsuchy","Yes","solo dev making a multiplayer board party game where you play as plushies!
WISHLIST on STEAM!","419","419","839","6616","1","602","Brazil","96","https://pbs.twimg.com/profile_banners/1164312026488983552/1745118185","https://x.com/plushsuchy","https://pbs.twimg.com/profile_images/2004365239488278528/_fqhxHBk_normal.jpg","No","No","No","No","Creator","Id: 1037, Name: Game Developer","","2019-08-21T23:03:43.000Z","2025-12-30T13:20:24.846Z"
"VXNlcjo3MTMzOTI3NTI5NjExMzA0OTY=","713392752961130496","Alex Nhance","AlexNhance","Yes","Learn game art from our courses ⬇️       https://t.co/0YnE2X7oP3","4800","4800","229","353","10","207","","93","","https://x.com/AlexNhance","https://pbs.twimg.com/profile_images/1904220721322106880/lQFxuNKP_normal.jpg","No","No","No","No","Creator","Id: 15, Name: Entertainment & Recreation","","2016-03-25T15:51:01.000Z","2025-12-30T13:20:24.846Z"
"VXNlcjoxODkxMzU4OTkxMTIyNjQwODk2","1891358991122640896","kuro","kuro_darkblack","No","一次創作と二次創作 pixelart⟡.·*. skeb▶︎ https://t.co/ApTQ6jP9Qg AI学習-無断転載🚫","1635","1635","973","11300","20","205","日本","75","https://pbs.twimg.com/profile_banners/1891358991122640896/1749463194","https://x.com/kuro_darkblack","https://pbs.twimg.com/profile_images/1921792053417213952/arTUVF9q_normal.jpg","No","No","No","No","","","","2025-02-17T05:28:36.000Z","2025-12-30T13:20:24.846Z"
"VXNlcjoxODMzNzcyMTE0MzIwNzQ0NDQ4","1833772114320744448","BANDIT KNIGHT: Stealth Pixel Art Game","BanditKnightG","Yes","Become a master thief in #BanditKnight! Get ready to steal, pickpocket and outsmart enemies in a vibrant 2.5D pixel art world 💰 

Try the free playtest now!⬇️","4801","4801","128","1226","50","882","","309","https://pbs.twimg.com/profile_banners/1833772114320744448/1726544988","https://x.com/BanditKnightG","https://pbs.twimg.com/profile_images/1833772578202398720/2BpHltA2_normal.jpg","Yes","No","No","No","","","","2024-09-11T07:38:48.000Z","2025-12-30T13:20:24.846Z"
"VXNlcjoxODY2NTY5ODIxODcxMDYzMDQw","1866569821871063040","CYBRLICH | WISHLIST ON STEAM","cybrlich","No","A first person shooter that takes aim at corporate culture, capitalism, shitty jobs, and skeletons. Wishlist on Steam!","2863","2863","28","398","31","124","The Future","77","https://pbs.twimg.com/profile_banners/1866569821871063040/1760543684","https://x.com/cybrlich","https://pbs.twimg.com/profile_images/1967714676789084160/RaWruDpd_normal.png","No","No","No","No","","","","2024-12-10T19:45:08.000Z","2025-12-30T13:20:24.846Z"
"VXNlcjoxMjIwODc5Mjk3NjEyNzg3NzE0","1220879297612787714","Paper Lily | Project Kat","leef6010","Yes","We made Project Kat and currently working part-time on Paper Lily!

(Not accepting new official or fan-translations at the moment!)","16106","16106","498","392","27","439","","86","https://pbs.twimg.com/profile_banners/1220879297612787714/1583891598","https://x.com/leef6010","https://pbs.twimg.com/profile_images/1238273271910608899/rELkbmOS_normal.jpg","No","No","No","No","","","","2020-01-25T01:21:27.000Z","2025-12-30T13:20:24.846Z"
"VXNlcjoxMzY0NjM2NTM5Njk1Njg1NjM2","1364636539695685636","Lancaster","Pixel_Lancaster","No","Pixel Apprentice
❌AI❌NFT","3025","3025","573","8160","53","251","","120","https://pbs.twimg.com/profile_banners/1364636539695685636/1711597306","https://x.com/Pixel_Lancaster","https://pbs.twimg.com/profile_images/1784149677728014336/vfbBvE4c_normal.jpg","No","No","No","No","","","","2021-02-24T18:01:42.000Z","2025-12-30T13:20:24.846Z"
"VXNlcjoxNjAxNTI0NTYyNzU5NjcxODA4","1601524562759671808","Pigeon God","PigeonGod39","Yes","A humble pigeon in this world who hopes to make people happy.

I draw rats for no reason.

Creator of Salad Bowl Comics","3362","3362","99","61769","5","808","a nest","619","https://pbs.twimg.com/profile_banners/1601524562759671808/1670688676","https://x.com/PigeonGod39","https://pbs.twimg.com/profile_images/1993639721558487040/Q3z3LRrS_normal.png","No","No","No","No","","","","2022-12-10T10:30:27.000Z","2025-12-30T13:20:24.846Z"
"VXNlcjoxODk4OTQ3Mzg2","1898947386","GAME START LLC","game_start_llc","No","Indie dev w/ dog & cat

Japanese Rural Life Adventure 
Apple Arcade : https://t.co/SgYuyrhcF4
Steam : https://t.co/lwOzXytyEH
Switch version info coming soon.","36201","36201","33","1","231","1735","Japan","263","https://pbs.twimg.com/profile_banners/1898947386/1510722718","https://x.com/game_start_llc","https://pbs.twimg.com/profile_images/930664195804291073/YGieHUSW_normal.jpg","Yes","No","No","No","Creator","Id: 716, Name: Video Game Company","","2013-09-24T02:20:42.000Z","2025-12-30T13:20:24.846Z"
"VXNlcjo4MTY1ODg5MzgzMjQ0MTAzNjg=","816588938324410368","Hexh // commissions open","hexh__","Yes","pixel art

★ portfolio: https://t.co/rND13IXHEL
★ wallpapers: https://t.co/AwvN4YVIzO
★ art prints: https://t.co/93tl17yfkj","28878","28878","464","11705","233","3305","Croatia","424","https://pbs.twimg.com/profile_banners/816588938324410368/1753132837","https://x.com/hexh__","https://pbs.twimg.com/profile_images/1679041232876498944/LOKlSwes_normal.jpg","No","No","No","No","Creator","","","2017-01-04T10:15:49.000Z","2025-12-30T13:20:24.846Z"
"VXNlcjoxNDkwMDc3OTQ0NzUyMDk5MzI4","1490077944752099328","Frozen Spirit","pkmfrozenspirit","No","Frozen Spirit is a non-profit fangame made on Unity.

Discover the Essoria Region: https://t.co/8S8sLtihAt","2045","2045","18","18","6","23","Flowery Town, Essoria","11","https://pbs.twimg.com/profile_banners/1490077944752099328/1765024055","https://x.com/pkmfrozenspirit","https://pbs.twimg.com/profile_images/1998069972078137344/XZ3TsGrB_normal.jpg","No","No","No","No","","","","2022-02-05T21:41:01.000Z","2025-12-30T13:20:24.846Z"
"VXNlcjoxNTYzNTk1NTgzMjEwMDI0OTYw","1563595583210024960","Cinder Pit Studios","cinderpitstds","Yes","An indie game dev team working on #Neidfyre.

Wishlist here - https://t.co/gPjct8jmhV

✉ Contact - info@cinderpitstudios.com
🎨 @hou_jae04","10772","10772","262","1184","37","198","World","44","https://pbs.twimg.com/profile_banners/1563595583210024960/1766198365","https://x.com/cinderpitstds","https://pbs.twimg.com/profile_images/1802746942256222208/mM0H9gOu_normal.jpg","Yes","No","No","No","","","","2022-08-27T18:33:46.000Z","2025-12-30T13:20:24.846Z"
"VXNlcjoxMjk1MjU4MDc4ODU4NzExMDQw","1295258078858711040","MITOH","4ceNull","No","🎮 solo game dev, 👾 pixel art, 🇯🇵 日本人, 🙇‍♂️ 外部依頼予定ないです","1541","1541","1123","7825","10","375","本州と九州の境界","73","https://pbs.twimg.com/profile_banners/1295258078858711040/1765461239","https://x.com/4ceNull","https://pbs.twimg.com/profile_images/1901130002760167424/MKI_wWwb_normal.jpg","No","No","No","No","","","","2020-08-17T07:16:18.000Z","2025-12-30T13:20:24.846Z"
"VXNlcjo2NjYyMTM2OQ==","66621369","Wishlist Blood And Mead","johnstejskal","Yes","Solo gamedev working on Blood And Mead - A Bone Crushing Combat Sidescroller
https://t.co/A3pO0PWjzz","4843","4843","968","2425","97","2831","Sydney","519","https://pbs.twimg.com/profile_banners/66621369/1765417608","https://x.com/johnstejskal","https://pbs.twimg.com/profile_images/1981590432531230721/Ezu6IDAE_normal.jpg","Yes","No","No","No","","","","2009-08-18T07:11:52.000Z","2025-12-30T13:20:24.846Z"
"VXNlcjoxNTUyODY3NDQ4ODI3MDM5NzQ0","1552867448827039744","Lost & Found Co.🌸 WISHLIST ON STEAM!🐤","_LostAndFoundCo","Yes","A hidden object adventure #indiegame with ducks and goddesses, coming Feb 11th! 🐤📦🌸 Discord: https://t.co/K6aJ2vrHiC Steam: https://t.co/5GYTeeRwBI","4586","4586","683","2830","35","1160","Plumville","343","https://pbs.twimg.com/profile_banners/1552867448827039744/1766568253","https://x.com/_LostAndFoundCo","https://pbs.twimg.com/profile_images/1552867816206114816/_-RhyO5p_normal.jpg","No","No","No","No","Business","","","2022-07-29T04:04:03.000Z","2025-12-30T13:20:24.846Z"
"VXNlcjoxMzY5NjAzODE1NDkwNjc4Nzg0","1369603815490678784","Nastya Pixels","XaCaleboo","Yes","Tiny Pixels, Big Dreams","381","381","392","20736","2","2314","","304","https://pbs.twimg.com/profile_banners/1369603815490678784/1752777198","https://x.com/XaCaleboo","https://pbs.twimg.com/profile_images/1917551690502328320/NfDczkdT_normal.jpg","No","No","No","No","","","","2021-03-10T10:59:45.000Z","2025-12-30T13:20:24.846Z"
"VXNlcjozMDM4MTA0NDcz","3038104473","Bor | Goblin Town | Ares Breathes","PyotrAlexRoma","Yes","日本のゲーム業界で働いてるオランダ人。「おデの巣穴でレベル上げなんてさせない」というレトロゲームも作成中。Dutch he/him working in the Japanese games industry as a programmer. Making Goblin Town in free time.","7503","7503","1084","21591","66","7499","東京都武蔵野市","1860","https://pbs.twimg.com/profile_banners/3038104473/1603519566","https://x.com/PyotrAlexRoma","https://pbs.twimg.com/profile_images/1534034863363305472/H6DGbwZK_normal.jpg","No","No","No","No","Creator","Id: 1037, Name: Game Developer","","2015-02-15T02:02:57.000Z","2025-12-30T13:20:24.846Z"
"VXNlcjoxODUyMDE0OTM5MzE5MjU1MDQw","1852014939319255040","Deyzz","deyzz_17","Yes","👾 Solo dev • Creating mini-games & magical worlds
🌱 Currently building the Arcade Pack (Unity)
✨ Alias deyzz | #gamedev #indiedev","185","185","414","2926","0","247","","39","https://pbs.twimg.com/profile_banners/1852014939319255040/1761557893","https://x.com/deyzz_17","https://pbs.twimg.com/profile_images/2005342890348703744/idyDUtTE_normal.jpg","Yes","No","No","No","","","","2024-10-31T15:49:18.000Z","2025-12-30T13:20:24.846Z"
"VXNlcjo3NjUxNjk2NDA3NzEzODczOTM=","765169640771387393","Pokémon SDK","PokemonSDK","No","The Pokémon game of your dream? Make it! – A collaborative and modern Pokémon Game Engine. Powered by @PokemonWorkshop","2432","2432","21","231","6","390","Kalos","49","https://pbs.twimg.com/profile_banners/765169640771387393/1626445094","https://x.com/PokemonSDK","https://pbs.twimg.com/profile_images/1416038618863374339/p-oU-vCE_normal.png","No","No","No","No","","","","2016-08-15T12:53:53.000Z","2025-12-30T13:20:34.105Z"
"VXNlcjoxNTMxMjkxMjg0NjI2ODg2NjU2","1531291284626886656","c12","c12hz","Yes","Creating an open source sci-fi universe. 

Powered by Ordinals. 

@TheSeekerGame 👁️","1390","1390","909","23932","10","5447","learn more ➡️","371","https://pbs.twimg.com/profile_banners/1531291284626886656/1737472687","https://x.com/c12hz","https://pbs.twimg.com/profile_images/1961445382921052160/aPrOsoiN_normal.jpg","No","No","No","No","","","","2022-05-30T15:07:59.000Z","2025-12-30T13:20:34.105Z"
"VXNlcjoxODI5OTg0Nzk3OTE5MTk1MTM2","1829984797919195136","🐧Altair🐧","InfiniAltairs","Yes","20 | 🇺🇦 | He/They | Raymesis's partner /silly
Pfp by @0_LiChris_0
Ultimate shipper of CasRay 🦊 📺 ✨

Personal Art - @Noahowlz","179","179","96","17217","0","1768","""The Fairy Council! 🐸🧚‍♂️""","499","https://pbs.twimg.com/profile_banners/1829984797919195136/1725276116","https://x.com/InfiniAltairs","https://pbs.twimg.com/profile_images/2003579577017217025/lxsc47G0_normal.jpg","No","No","No","No","","","","2024-08-31T20:49:19.000Z","2025-12-30T13:20:34.105Z"
"VXNlcjoxOTIyMjM3MjQ5NjYxNjMyNTEy","1922237249661632512","PixDo","pixdoz","Yes","🎨 Artist - IndieDev
📧 Email: nguyentienanh1125@gmail.com
🧩 VGen: https://t.co/DreJjx9iPM
🎨 Behance: https://t.co/IvG6A3rHgP
☕ Kofi: https://t.co/lW0pNurAuz","1058","1058","1051","1076","12","279","Ho Chi Minh, Vietnam","20","https://pbs.twimg.com/profile_banners/1922237249661632512/1766230184","https://x.com/pixdoz","https://pbs.twimg.com/profile_images/2001555188512100353/yZLnRXi9_normal.jpg","No","No","No","No","Creator","Id: 1017, Name: Artist","","2025-05-13T10:27:38.000Z","2025-12-30T13:20:34.105Z"
"VXNlcjoxNTUyNzA2NjY3Nzc0NzEzODU2","1552706667774713856","GLASSHOUSE - Lockdown CRPG","GlasshouseCRPG","Yes","A FeudalPunk CRPG with TB-Combat set on the brink of a World War 🎲 Solve the Political Conspiracy with your flatmates or perish. https://t.co/ltYv6XTUBJ","2265","2265","227","9260","29","2361","","743","https://pbs.twimg.com/profile_banners/1552706667774713856/1754003125","https://x.com/GlasshouseCRPG","https://pbs.twimg.com/profile_images/1932024989546356736/OmfvmQqm_normal.png","Yes","No","No","No","Business","","","2022-07-28T17:25:20.000Z","2025-12-30T13:20:34.105Z"
"VXNlcjo3NTg0MzcwMDUzMTk2NjM2MTY=","758437005319663616","RyanKamos","RyanKamos","Yes","Pixel Game Artist & 2D Animator. 
Prev. Project Evertree, Gastova, Flowstone Saga and Orange Season","15545","15545","2578","52928","189","9448","Sorocaba, Brasil","1868","https://pbs.twimg.com/profile_banners/758437005319663616/1758647170","https://x.com/RyanKamos","https://pbs.twimg.com/profile_images/1970535840204849152/BvJ8f7-s_normal.png","No","No","No","No","Business","Id: 1017, Name: Artist","""is_enabled"": ""false""","2016-07-27T23:00:47.000Z","2025-12-30T13:20:34.105Z"
"VXNlcjoxMTcyNTkwNzQwMjg5MDExNzEy","1172590740289011712","Pixeldoshi","pixeldoshi","Yes","Pixel artist.

Avaiable for work,
✉️ Business inquiries : pixeldoshi@hotmail.com","50287","50287","997","18411","573","4277","","372","https://pbs.twimg.com/profile_banners/1172590740289011712/1627129294","https://x.com/pixeldoshi","https://pbs.twimg.com/profile_images/1448289614029021188/eppDSinz_normal.jpg","No","No","No","No","Creator","Id: 1017, Name: Artist","""is_enabled"": ""true""
""ethereum_handle"": ""0xd27A93cbe244E0aDb32c11D1bf3C82C1BF9d6F30""","2019-09-13T19:20:01.000Z","2025-12-30T13:20:34.105Z"
"VXNlcjo4NzQxNjM2MjA4Nzk0NTQyMDg=","874163620879454208","Henk Nieborg","pixelhenk","No","Senior pixelartist & game designer. Art director @BitmapBureau. Shantae, Spyro, Harry Potter, Contra 4, Xeno Crisis, Battle Axe, Terminator 2D No Fate.","19634","19634","1183","25081","257","2918","Nederland","172","https://pbs.twimg.com/profile_banners/874163620879454208/1765883496","https://x.com/pixelhenk","https://pbs.twimg.com/profile_images/1483752598238908416/-I4MOW2s_normal.jpg","Yes","No","No","No","","","","2017-06-12T07:17:03.000Z","2025-12-30T13:20:34.105Z"
"VXNlcjoxMTQ5NTQ3NTAzMDAxMzU4MzM2","1149547503001358336","echerry","eCherryArt","Yes","🍒 https://t.co/sewHLaE3hH
🎲 https://t.co/fGnOLBwbMi
📧 echerry.pixelart@gmail.com

my pet project @bone_crusade","45610","45610","598","10589","459","714","","249","https://pbs.twimg.com/profile_banners/1149547503001358336/1764249550","https://x.com/eCherryArt","https://pbs.twimg.com/profile_images/1867476612398125056/ZL55C3g6_normal.jpg","No","No","No","No","","","","2019-07-12T05:14:17.000Z","2025-12-30T13:20:34.105Z"
"VXNlcjoxNDIyODI3Mjk0MjA1MjIyOTE5","1422827294205222919","Nashor_Kim","nashor_kim","Yes","","32632","32632","472","1450","336","43","","25","https://pbs.twimg.com/profile_banners/1422827294205222919/1662573696","https://x.com/nashor_kim","https://pbs.twimg.com/profile_images/1567573567369510913/6urVRBzq_normal.jpg","Yes","No","No","No","Creator","Id: 1037, Name: Game Developer","""is_enabled"": ""false""","2021-08-04T07:50:42.000Z","2025-12-30T13:20:34.105Z"
"VXNlcjoxMjE4NTU0MDk=","121855409","Mords ⚙️ Game Dev (HIBERNACULUM COMING MAY 2026)","modredcastleton","Yes","🔽TRIPTYCH ON STEAM (EA)🔽
https://t.co/VxOLPMPBYT

Original creator of Primordia & founder of Wormwood Studios","26166","26166","2104","73694","249","26617","","4787","https://pbs.twimg.com/profile_banners/121855409/1765545655","https://x.com/modredcastleton","https://pbs.twimg.com/profile_images/1881280605033549824/vRzNBJuq_normal.png","No","No","No","No","","","","2010-03-10T20:31:43.000Z","2025-12-30T13:20:34.105Z"
"VXNlcjoxMTI2Mzk5OTk1MTYxMjcyMzIx","1126399995161272321","Songs of Conquest","songsofconquest","Yes","A turn-based strategy game inspired by 90s classics. https://t.co/Flev1MB2uQ","25242","25242","2962","17951","231","10118","Gothenburg, Sweden","2152","https://pbs.twimg.com/profile_banners/1126399995161272321/1750186748","https://x.com/songsofconquest","https://pbs.twimg.com/profile_images/1658133501667844096/ZUIhGK6C_normal.png","Yes","No","No","No","Business","Id: 15, Name: Entertainment & Recreation","","2019-05-09T08:14:21.000Z","2025-12-30T13:20:34.105Z"
"VXNlcjo5NDIxMzE0ODUzODA4MzczNzY=","942131485380837376","EthrA FOLLOW ON KICKSTARTER","stonelabstudio","Yes","Two person team working on EthrA
stonelabgames@gmail.com
KICKSTARTER
https://t.co/Og3Jt2N7dM
STEAM
https://t.co/7Lzg8geJdx
DISCORD
https://t.co/dGYyHRKq3L","36472","36472","197","2555","272","1447","","240","https://pbs.twimg.com/profile_banners/942131485380837376/1668770395","https://x.com/stonelabstudio","https://pbs.twimg.com/profile_images/1254156204198236160/Sz_npMwv_normal.png","No","No","No","No","Business","Id: 716, Name: Video Game Company","","2017-12-16T20:37:04.000Z","2025-12-30T13:20:34.105Z"
"VXNlcjoxMzQ4ODI2MzUxMzQwNTY0NDgw","1348826351340564480","Drattzy Games","drattzy","Yes","Creative duo inspired by #SNES #JRPG like #ChronoTrigger and #FFVI
✉️ team@drattzygames.com 
💬 https://t.co/RZRbjSDkFE
Back: https://t.co/4s3c1L9XVB","17812","17812","724","6483","215","4200","","1130","https://pbs.twimg.com/profile_banners/1348826351340564480/1746327150","https://x.com/drattzy","https://pbs.twimg.com/profile_images/1462913531788115978/udQ2KHND_normal.jpg","Yes","No","No","No","Creator","Id: 1037, Name: Game Developer","","2021-01-12T02:57:28.000Z","2025-12-30T13:20:34.105Z"
"VXNlcjozMDU1Mzk0OTYx","3055394961","Dmitry Petyakin","ElMetallico1","Yes","Pixelartist/game music composer. 
Links - https://t.co/iBRI7CPlkp
el.metallico86@gmail.com","20818","20818","523","160021","404","30681","","5269","https://pbs.twimg.com/profile_banners/3055394961/1765390651","https://x.com/ElMetallico1","https://pbs.twimg.com/profile_images/1709038892953796608/TBMxreaP_normal.png","Yes","No","No","No","Creator","Id: 1022, Name: Painter","","2015-02-23T10:36:33.000Z","2025-12-30T13:20:34.105Z"
"VXNlcjo3NTY5ODk3OTU4MzkxMTkzNjE=","756989795839119361","Stoneshard","Stoneshard","Yes","Stoneshard is a challenging turn-based RPG about the unforgiving life of a medieval mercenary.

Purchase on Steam:","27443","27443","1724","2491","263","1689","","612","https://pbs.twimg.com/profile_banners/756989795839119361/1551968485","https://x.com/Stoneshard","https://pbs.twimg.com/profile_images/1103003739332534273/JAEdYFgp_normal.png","Yes","No","No","No","","","","2016-07-23T23:10:06.000Z","2025-12-30T13:20:34.105Z"
"VXNlcjo4MzE3MDUwMzMzMzQ4OTA0OTY=","831705033334890496","カミエナ @C107(水)南1-m-09ab","KamiEna_Game","Yes","kawaiiゲームをつくる人｜
「クレアクラン」@creaclan_game 代表｜
作品：『ぶんまわしヒーロー』『走れ！クレアちゃん』『Immersive Novel』『ガーデンハント』『PRJ CÔGEIMU』など（ゲーム実況大歓迎♪）｜
クリエイター向けラジオ始めました：https://t.co/fkBfXHplhQ","6975","6975","5226","223181","54","2185","コミケやゲーム系イベントによく出現します","410","https://pbs.twimg.com/profile_banners/831705033334890496/1601145408","https://x.com/KamiEna_Game","https://pbs.twimg.com/profile_images/1691468626866675713/wRHUmD4b_normal.jpg","Yes","No","No","No","Creator","Id: 1037, Name: Game Developer","","2017-02-15T03:21:47.000Z","2025-12-30T13:20:34.105Z"
"VXNlcjoxNjEyNDA1OTg0MjgxOTg1MDI2","1612405984281985026","BirdiBirdson","BirdiBirdson","No","Making pixelart and video game :)
https://t.co/ejTpcSz9Jk","11374","11374","1261","5545","141","1375","","234","https://pbs.twimg.com/profile_banners/1612405984281985026/1694212550","https://x.com/BirdiBirdson","https://pbs.twimg.com/profile_images/1700278563113488384/oBTFTeQD_normal.png","No","No","No","No","","","","2023-01-09T11:09:00.000Z","2025-12-30T13:20:34.105Z"
"VXNlcjoxOTE3NTk5MzIxNzQwMTczMzEz","1917599321740173313","MahezaZi","MahezaZi","Yes","Post-Apocalyptic Enthusiast🌿
/love Pixel Art/Abandoned Place Explorer/Scenic Enthusiast/Photographer📸","1314","1314","408","42329","8","178","Bandung, Jawa Barat","131","https://pbs.twimg.com/profile_banners/1917599321740173313/1762098409","https://x.com/MahezaZi","https://pbs.twimg.com/profile_images/1975238220096196608/cjgmLesM_normal.jpg","No","No","No","No","","","","2025-04-30T15:18:43.000Z","2025-12-30T13:20:34.105Z"
"VXNlcjoxNDk3MjE1OTM5NDE4Njg1NDQz","1497215939418685443","𝘺𝗎𝗇𝗐𝘩𝗈_ @冬ド1/10","yunwho_","No","yunwho_ / ﾕﾝﾌｰ
旅行が好きなピクセルアーティストだよ
skeb【closed/停止中】 : https://t.co/f2YZcFs9tH","3350","3350","781","11998","45","1470","JP","146","https://pbs.twimg.com/profile_banners/1497215939418685443/1766977865","https://x.com/yunwho_","https://pbs.twimg.com/profile_images/2004966717265719297/8VCnIr1V_normal.jpg","Yes","No","No","No","Creator","Id: 1017, Name: Artist","","2022-02-25T14:24:40.000Z","2025-12-30T13:20:34.105Z"
"VXNlcjoxMjM5MzE0ODgxMzkzODkzMzc3","1239314881393893377","🩸 Mattstov - KICKSTARTER SOON🩸","Mattstov","Yes","20 // Working with @GoblinGameDev on Ichorous // Working on @belowthestone // DMs completely open :)

Ichor has been censored due to Twitter hating violence!","4610","4610","811","7793","50","1944","Your house :)","304","https://pbs.twimg.com/profile_banners/1239314881393893377/1678822408","https://x.com/Mattstov","https://pbs.twimg.com/profile_images/1871551268851691520/LcSckkul_normal.jpg","No","No","No","No","Business","Id: 1017, Name: Artist","""is_enabled"": ""true""","2020-03-15T22:17:57.000Z","2025-12-30T13:20:34.105Z"
"VXNlcjo5MzUzODk1NjMwNzMzMDI1Mjg=","935389563073302528","Acerola","Acerola_t","Yes","Graphics YouTuber 

My sole interest is uncovering the truth 

alt @Acerola__t | banner @NewtonCreations","18884","18884","574","6041","81","3011","25 | he/him | Oregon","1035","https://pbs.twimg.com/profile_banners/935389563073302528/1705642691","https://x.com/Acerola_t","https://pbs.twimg.com/profile_images/1747812878558826496/_thGFENq_normal.png","Yes","No","No","No","","","","2017-11-28T06:07:05.000Z","2025-12-30T13:20:34.105Z"
"VXNlcjoxOTQ3ODQ3NzU0","1947847754","Indieklem","indieklem","Yes","50% of Another Door - a game of bluffing, lies and broken friendships.

🎮 https://t.co/pLh7agU2iK","5479","5479","42","12120","131","6655","France","1831","https://pbs.twimg.com/profile_banners/1947847754/1705507837","https://x.com/indieklem","https://pbs.twimg.com/profile_images/1844341936636690447/_wvPyMEZ_normal.jpg","No","No","No","No","Creator","Id: 1037, Name: Game Developer","","2013-10-08T20:09:35.000Z","2025-12-30T13:20:34.105Z"
"VXNlcjoxMzMyOTE2ODIyNDk3MTE2MTYw","1332916822497116160","Rusron.","Rusron1","Yes","ADHD Warning. I draw. 中文/English/日本語(🔰，雑食","19095","19095","1823","64307","116","17010","Void","7046","https://pbs.twimg.com/profile_banners/1332916822497116160/1757673160","https://x.com/Rusron1","https://pbs.twimg.com/profile_images/1966449188839079936/pfu2HriO_normal.jpg","No","No","No","No","Creator","","","2020-11-29T05:18:49.000Z","2025-12-30T13:20:34.105Z"
"VXNlcjoxMTk1NDA5MTAwMDMwNDMxMjMy","1195409100030431232","sana","ansancityboy","Yes","🇰🇷#pixelart Bluesky▶ https://t.co/hNzu4KNwHg ご依頼・問い合わせ▶DM","37728","37728","1026","14168","326","2054","","108","https://pbs.twimg.com/profile_banners/1195409100030431232/1703089808","https://x.com/ansancityboy","https://pbs.twimg.com/profile_images/1856729360151281664/bS5_wNd2_normal.jpg","Yes","No","No","No","","","""is_enabled"": ""true""
""ethereum_handle"": ""0xe7156aAF07ab3c40355ebfC92276822cA6Fb1D6a""","2019-11-15T18:31:58.000Z","2025-12-30T13:20:34.105Z"
"VXNlcjoxMzY5MTAzMTkyNDYyNjY3Nzc3","1369103192462667777","Ko.dll","ko_dll","Yes","My name is Karel Matejka, and I am a pixel art enthusiast. Check out my BZZZT game on Steam: https://t.co/FDJaes4Ozi","21970","21970","1409","25804","304","6703","Prague, Czech Republic","777","https://pbs.twimg.com/profile_banners/1369103192462667777/1729183733","https://x.com/ko_dll","https://pbs.twimg.com/profile_images/1610968366868561920/CFfYpEa7_normal.jpg","Yes","No","No","No","Creator","","","2021-03-09T01:50:26.000Z","2025-12-30T13:20:34.105Z"
"VXNlcjoxOTc0NjAyNzE0","1974602714","Slynyrd","rayslynyrd","No","Pixel artist, designer, educator. Co-creator of @hyper_echelon Support https://t.co/vv5N8eO9X9 Shop https://t.co/1xQTHa2S70…","38908","38908","474","6086","700","2962","Middle of nowhere, USA","1408","https://pbs.twimg.com/profile_banners/1974602714/1586472222","https://x.com/rayslynyrd","https://pbs.twimg.com/profile_images/1688617093384577025/FAfhXxil_normal.jpg","No","No","No","No","","","","2013-10-20T10:04:21.000Z","2025-12-30T13:20:34.105Z"
"VXNlcjoxMjMxMjIyODI5MjA4ODAxMjgy","1231222829208801282","Wolfenoctis","wolfenoctis","Yes","Pixel Artist","34516","34516","422","1570","392","3660","","738","https://pbs.twimg.com/profile_banners/1231222829208801282/1582382335","https://x.com/wolfenoctis","https://pbs.twimg.com/profile_images/1231223674981756930/zJjTeSGP_normal.png","No","No","No","No","","","","2020-02-22T14:23:16.000Z","2025-12-30T13:20:34.105Z"
"VXNlcjoxMDE5NzE4OTEwNjI1NjMyMjU2","1019718910625632256","🇦🇷 PixelTheWise 🇦🇷","OfTetris","Yes","Hi, im a pixel artist working on games (9 years of shadow, Elsie)

Portfolio: https://t.co/qQZ3you2BX

VLLC! 🦁🦁
Assets: https://t.co/4ImrOqnuUk","40922","40922","1548","47992","477","4326","Mendoza, Argentina","331","https://pbs.twimg.com/profile_banners/1019718910625632256/1601122255","https://x.com/OfTetris","https://pbs.twimg.com/profile_images/1325787288119496704/2Ihl25oX_normal.jpg","No","No","No","No","","","","2018-07-18T23:01:48.000Z","2025-12-30T13:20:34.105Z"
"VXNlcjoxMTc5NDI2NjU3OTIyMTkxMzYw","1179426657922191360","Chillifish","Chillifish_XOXO","Yes","23 | 3D Animator
Still learning, but always giving my best

 ✉️ : chillifish.contact@gmail.com","5446","5446","433","1517","23","365","","143","https://pbs.twimg.com/profile_banners/1179426657922191360/1750347900","https://x.com/Chillifish_XOXO","https://pbs.twimg.com/profile_images/1877947378227142656/80Gq97V4_normal.jpg","No","No","No","No","","","","2019-10-02T16:03:28.000Z","2025-12-30T13:20:34.105Z"
"VXNlcjo0MDMyNzI2OTQ=","403272694","AnasAbdin 🪐🌿","AnasAbdin","No","Artist for 40 years & Cartoonist! #pixelart 1/1 #digitalartist #ドット絵","53947","53947","1582","42957","715","26226","web3","6849","https://pbs.twimg.com/profile_banners/403272694/1524557001","https://x.com/AnasAbdin","https://pbs.twimg.com/profile_images/1587173746498064384/IHXy1Xde_normal.jpg","Yes","No","No","No","Creator","","","2011-11-02T08:15:36.000Z","2025-12-30T13:20:34.105Z"
"VXNlcjoxNjExNTEwNjk2","1611510696","Kiana Mosser 🐇","kianamosser","Yes","✨ Game Dev & Animator
✉️ Inquiries: kianamosser@gmail.com
🖌️ https://t.co/dLOIHcOm4U
🛍️ Prints: https://t.co/uUBOGrCXis
🛒 Shop: https://t.co/UM1Nc9RUou","84915","84915","4951","33923","912","11251","","1258","https://pbs.twimg.com/profile_banners/1611510696/1612077353","https://x.com/kianamosser","https://pbs.twimg.com/profile_images/1035574377385943042/AmqhMCMk_normal.jpg","No","No","No","No","Creator","Id: 1037, Name: Game Developer","","2013-07-21T23:08:42.000Z","2025-12-30T13:20:34.105Z"
"VXNlcjoxMjc2ODQ3Mzc5NTUyMDU1Mjk4","1276847379552055298","Tofupixel (find me on BlueSky - Not active here)","TofuPixel","Yes","Commissions Not Open!!!!
I don't post here! follow me on Bsky to see new art💕
https://t.co/yqBjU7ryMR","102622","102622","3691","25098","961","9810","she/her ❤","381","https://pbs.twimg.com/profile_banners/1276847379552055298/1719261740","https://x.com/TofuPixel","https://pbs.twimg.com/profile_images/1758549354359476224/tqRnZvvU_normal.jpg","No","No","No","No","Creator","Id: 1017, Name: Artist","","2020-06-27T11:58:38.000Z","2025-12-30T13:20:34.105Z"
"VXNlcjoxMzIyNDAyNDg2","1322402486","Camille Unknown","CamiUnknown","Yes","Art Director @pastagames #pixelart #ドット絵 #gamedev #Pixtogether 😊","51431","51431","890","19326","615","8076","france","973","https://pbs.twimg.com/profile_banners/1322402486/1662373225","https://x.com/CamiUnknown","https://pbs.twimg.com/profile_images/1391885965673762822/f5xi2b76_normal.jpg","No","No","No","No","Creator","Id: 1017, Name: Artist","","2013-04-02T12:38:11.000Z","2025-12-30T13:20:34.105Z"
"VXNlcjo0MjgwOTg2NTcy","4280986572","dez","DesiraeSalmark","No","director, storyboard artist & pixel artist👾 loves bright colors, magic & whimsy⠀⠀ 💌 desiraesalmark@live.ca","45870","45870","2432","45559","481","12495","BC, Canada | she/her","707","https://pbs.twimg.com/profile_banners/4280986572/1670891645","https://x.com/DesiraeSalmark","https://pbs.twimg.com/profile_images/1486153253343490048/fCCphe5W_normal.jpg","No","No","No","No","","","","2015-11-18T17:36:52.000Z","2025-12-30T13:20:34.105Z"
"VXNlcjoxMjU3MDc3Mzc3NzI2ODQ0OTM2","1257077377726844936","Pit (Comms Open)","Pixel_Pit","Yes","I Am Pit, I make pixelart content,
 send me a message for inquires!
 https://t.co/oaRlHXO1Ik / https://t.co/FyKU3RwiOW

commission slots (4/6)","51234","51234","1130","17911","407","9650","Toronto ON","1597","https://pbs.twimg.com/profile_banners/1257077377726844936/1684206061","https://x.com/Pixel_Pit","https://pbs.twimg.com/profile_images/1993385509234642944/DAWvutbP_normal.jpg","No","No","No","No","","","","2020-05-03T22:39:43.000Z","2025-12-30T13:20:34.105Z"
"VXNlcjoxMTg3NTExNTU2NDQwODk5NTg0","1187511556440899584","9VOLTWISEMAN","9voltwiseman","Yes","Skeleton guy","45925","45925","1006","9392","359","9217","British Columbia, Canada","789","https://pbs.twimg.com/profile_banners/1187511556440899584/1675096357","https://x.com/9voltwiseman","https://pbs.twimg.com/profile_images/1620097661012697090/C2iYrh0B_normal.png","No","No","No","No","","","","2019-10-24T23:30:05.000Z","2025-12-30T13:20:34.105Z"
"VXNlcjoxMjg2OTU2Mzg0MDI2ODAwMTI4","1286956384026800128","Rappenem","Rappenem","Yes","Freelance French pixel/digital artist who likes drawing shiny things!

VFX artist for @HibernianWS ✨

Making @Rapps_Reforge 🛠️","89248","89248","455","17447","628","8336","France","1852","https://pbs.twimg.com/profile_banners/1286956384026800128/1732783092","https://x.com/Rappenem","https://pbs.twimg.com/profile_images/1878483069948092416/8ZfHi3fp_normal.jpg","No","No","No","No","","","","2020-07-25T09:29:08.000Z","2025-12-30T13:20:34.105Z"
"VXNlcjoxMjIzOTIyNDg5MTY5OTgxNDQw","1223922489169981440","Evsailey","evsailey","No","I'm a pixel artist 🦋• I love cute things, trees and anime 🌿• evsailey@gmail.com 🌷•","32588","32588","124","4315","395","3720","","331","https://pbs.twimg.com/profile_banners/1223922489169981440/1681479440","https://x.com/evsailey","https://pbs.twimg.com/profile_images/1871866104852676608/0VYhN6CF_normal.jpg","No","No","No","No","","","","2020-02-02T10:54:23.000Z","2025-12-30T13:20:34.105Z"
"VXNlcjo5Njc0ODMxNDI2Nzk1MzE1MjA=","967483142679531520","NOP","NOP_Pixels","Yes","FR/EN | Animator, Illustrator | pfp by BerBerBer | Pixquare partner, use code 'NOP' for 30% off","99759","99759","1748","19862","1060","18898","Switzerland","931","https://pbs.twimg.com/profile_banners/967483142679531520/1596126272","https://x.com/NOP_Pixels","https://pbs.twimg.com/profile_images/1892261395447640064/_dPQ5X7q_normal.jpg","No","No","No","No","","","","2018-02-24T19:35:30.000Z","2025-12-30T13:20:34.105Z"
"VXNlcjoxMjMzMDc4MzY1MDc2MjM4MzM2","1233078365076238336","✨Chrysope ✨","Chrysoperla2","Yes","Pixelartist 🎨 • ✨ Sparkly people and environment ✨
🎨Portfolio : https://t.co/inOKM81l0D
FR/ENG • Commissions open","49244","49244","707","5765","537","4135","","444","https://pbs.twimg.com/profile_banners/1233078365076238336/1754670491","https://x.com/Chrysoperla2","https://pbs.twimg.com/profile_images/1524405296264790018/LXrLadrr_normal.png","No","No","No","No","","","","2020-02-27T17:18:13.000Z","2025-12-30T13:20:34.105Z"
"VXNlcjoxMDA1NjAxNDM=","100560143","hby","hby_stuff","Yes","pixelart ドット絵  gamedev
Instagram: https://t.co/jK9R5NxgS7
Itch: https://t.co/2ACk5ZqYLL
Twitch: https://t.co/gyMZSwhILM
Comms closed.","30259","30259","410","4392","290","1446","The Black Lodge","483","https://pbs.twimg.com/profile_banners/100560143/1766598086","https://x.com/hby_stuff","https://pbs.twimg.com/profile_images/1740497702142857216/s_mJfA3s_normal.jpg","No","No","No","No","Creator","","","2009-12-30T18:12:10.000Z","2025-12-30T13:20:34.105Z"
"VXNlcjoxMDEwNjMzMzA1MjE2MTIyODgw","1010633305216122880","Bera✍🏻","m3nsha","Yes","* Pixel & Game Artist *

- Comms / Offers Closed -

Business Inquiries: mensha.arts@gmail.com","9255","9255","886","19644","140","2543","Links to my other socials ➡️","329","https://pbs.twimg.com/profile_banners/1010633305216122880/1759961162","https://x.com/m3nsha","https://pbs.twimg.com/profile_images/1976555759912513536/rXp4bDbF_normal.jpg","No","No","No","No","Creator","","","2018-06-23T21:18:51.000Z","2025-12-30T13:20:34.105Z"
"VXNlcjo4NTA3NTMyMQ==","85075321","Pixels By Skab 🌱 COMMIS OPEN☀️","SkabPixels","Yes","💌 DMs DON'T LOAD, write at 
pixelsbyskab@gmail.com for commissions. 💚VGEN COMMS https://t.co/s8N76AQAUN                 
💜TWITCH
 https://t.co/Kjvh3sr1oq","2519","2519","934","12445","40","5182","Bergamo, Italy","1463","https://pbs.twimg.com/profile_banners/85075321/1720859581","https://x.com/SkabPixels","https://pbs.twimg.com/profile_images/1792888473319313408/3-ukKtwf_normal.jpg","No","No","No","No","Creator","Id: 1017, Name: Artist","","2009-10-25T12:59:54.000Z","2025-12-30T13:20:34.105Z"
"VXNlcjoxNTgxOTcxNTUzNDc0MjExODQx","1581971553474211841","not so gibberish","GibberishSo","Yes","It's all just been about Minecraft

@scootingcat is my other account","6051","6051","497","16085","30","754","","179","https://pbs.twimg.com/profile_banners/1581971553474211841/1761882625","https://x.com/GibberishSo","https://pbs.twimg.com/profile_images/1956668294964133888/oxqRoWnv_normal.jpg","No","No","No","No","","","","2022-10-17T11:33:20.000Z","2025-12-30T13:20:34.105Z"
"VXNlcjo4ODEzNDM3Mjg0MTc0NzY2MTM=","881343728417476613","Lufenas pixel","Magmariin","Yes","TRAD/digital/pixel artist

favorite car: hoonigan hoonicorn

cartoon commss counter: 1400+
pixel commss counter: 0 
Commission Open

22Y","1499","1499","369","1978","7","1662","","494","https://pbs.twimg.com/profile_banners/881343728417476613/1737252850","https://x.com/Magmariin","https://pbs.twimg.com/profile_images/1934869572529852416/fj2q4TKd_normal.jpg","No","No","No","No","","","","2017-07-02T02:48:14.000Z","2025-12-30T13:20:34.105Z"
"VXNlcjoxNDgwMTk5NjkxNjM5ODczNTQ0","1480199691639873544","skooks","skooookum","Yes","","61835","61835","787","75209","241","4089","New York, NY","648","https://pbs.twimg.com/profile_banners/1480199691639873544/1731873166","https://x.com/skooookum","https://pbs.twimg.com/profile_images/1985818897090539520/2t7ISONr_normal.png","Yes","No","No","Yes","","","","2022-01-09T15:28:08.000Z","2025-12-30T13:20:34.105Z"
"VXNlcjoxMjg5MTU4MjYzMjA0OTA5MDU2","1289158263204909056","𝚃𝚛𝚊𝚗𝚜𝚒𝚎𝚗𝚝𝙲𝚘𝚍𝚎","TransientCode","Yes","Quality Organic Pixels from the 6 Counties | Check out my KoFi store for free & premium pixelart stuff | App I use: Pixquare (30% OFF with code ""transient"")","25863","25863","1924","48337","360","18242","transientcodeart@gmail.com","1610","https://pbs.twimg.com/profile_banners/1289158263204909056/1742926947","https://x.com/TransientCode","https://pbs.twimg.com/profile_images/1705213389251760128/x-EdSpqm_normal.jpg","No","No","No","No","Creator","Id: 1017, Name: Artist","""is_enabled"": ""false""","2020-07-31T11:17:50.000Z","2025-12-30T13:20:34.105Z"
"VXNlcjoxMzI2MDQxNjAzMjI4NTk0MTc2","1326041603228594176","alma 🌼 VGEN REQUEST OPEN","nimasain","No","i simply enjoy pixels | DO NOT REUPLOAD or i'll haunt you | RTing a lot | No NFT or AI please","14075","14075","1439","62675","162","21863","ID","511","https://pbs.twimg.com/profile_banners/1326041603228594176/1718557284","https://x.com/nimasain","https://pbs.twimg.com/profile_images/1802385962410131456/dlUl6pcN_normal.png","No","No","No","No","","","","2020-11-10T05:59:32.000Z","2025-12-30T13:20:34.105Z"
"VXNlcjoxNzcyMDE0Nzg4ODk5NDgzNjQ5","1772014788899483649","MythicCat","MythicalVoids","Yes","Artist (Mainly pixel art right now) & Game Designer.
~✦ Peace And Love On The Planet Earth ✦~
VGen: https://t.co/ROMhAKCw1B","1185","1185","111","1340","5","296","","72","https://pbs.twimg.com/profile_banners/1772014788899483649/1711316735","https://x.com/MythicalVoids","https://pbs.twimg.com/profile_images/1943117963516620800/m1r9yWXZ_normal.jpg","Yes","No","No","No","Creator","Id: 1017, Name: Artist","","2024-03-24T21:37:48.000Z","2025-12-30T13:20:34.105Z"
"VXNlcjoyODUzMDU2ODA4","2853056808","Ian Lloyd Dela Cruz","blenderguppy","No","Digital artist and plug-in developer for the Blender 3d software.","36844","36844","145","4447","401","7182","Odiongan, Mimaropa","3838","https://pbs.twimg.com/profile_banners/2853056808/1716454266","https://x.com/blenderguppy","https://pbs.twimg.com/profile_images/788967338712313856/p8n23L4p_normal.jpg","Yes","No","No","No","Creator","Id: 1091, Name: 3D Artist (or) 3D Designer","","2014-10-12T11:41:48.000Z","2025-12-30T13:20:43.806Z"
"VXNlcjoyMTcwODQ5NzUy","2170849752","Gleb Alexandrov","gleb_alexandrov","No","3D artist, Blender YouTuber, tutorial maker at Creative Shrimp. Belarusian.◽❣️◽☕
https://t.co/Ncbts3Nin0
https://t.co/855p4gHi0E","43193","43193","3039","34002","552","23181","Belarus, Poland, World","2804","https://pbs.twimg.com/profile_banners/2170849752/1766496832","https://x.com/gleb_alexandrov","https://pbs.twimg.com/profile_images/926206072095993858/IS310rPZ_normal.jpg","Yes","No","No","No","","","","2013-11-02T20:00:33.000Z","2025-12-30T13:20:43.806Z"
"VXNlcjo3MTgwODA2Mzg2OTYzNTc4ODg=","718080638696357888","celestialmaze","cmzw_","Yes","🦜 sketch","93918","93918","226","20977","882","7778","","4093","https://pbs.twimg.com/profile_banners/718080638696357888/1764082366","https://x.com/cmzw_","https://pbs.twimg.com/profile_images/1993332027714945033/LzPNtTcN_normal.jpg","No","No","No","No","","","""is_enabled"": ""true""
""patreon_handle"": ""cmzw""","2016-04-07T14:19:00.000Z","2025-12-30T13:20:43.806Z"
"VXNlcjoxMjUzMzQzMzAy","1253343302","Jan van den Hemel","JanvandenHemel","Yes","I teach 3D art and animation with free software (Blender), sharing free tutorials on social media and selling an e-book and courses for deeper learning.","111910","111910","1140","8910","1287","6420","Ghent, Belgium","2094","https://pbs.twimg.com/profile_banners/1253343302/1699967018","https://x.com/JanvandenHemel","https://pbs.twimg.com/profile_images/1985389931741528064/DdtBsVNU_normal.jpg","No","No","No","No","Creator","Id: 144, Name: Education","","2013-03-09T03:55:55.000Z","2025-12-30T13:20:43.806Z"
"VXNlcjo5MTIwNjYwMzcwNDYxODE4ODk=","912066037046181889","Sanctus","Sanctus_Art","Yes","Procedural Artist - Creator of Sanctus Library addon for Blender 3D","36573","36573","140","25304","388","10785","France","2101","https://pbs.twimg.com/profile_banners/912066037046181889/1706725070","https://x.com/Sanctus_Art","https://pbs.twimg.com/profile_images/1544054536259649539/Vx6dRHWZ_normal.jpg","No","No","No","No","Creator","Id: 1017, Name: Artist","""is_enabled"": ""true""
""ethereum_handle"": """"
""patreon_handle"": ""sanctusart""","2017-09-24T21:27:43.000Z","2025-12-30T13:20:43.806Z"
"VXNlcjo3NDU2MjkwNjc4NzQwMTcyODA=","745629067874017280","Blender 🔶","Blender","No","Official account of the Free and Open Source 3D creation suite.

Blender is free to use for any purpose, forever. 🧡 #b3d","367778","367778","4","382","2328","1142","Worldwide","314","https://pbs.twimg.com/profile_banners/745629067874017280/1742468452","https://x.com/Blender","https://pbs.twimg.com/profile_images/1036953347943743488/1dbRCWDq_normal.jpg","Yes","No","No","No","Business","Id: 986, Name: Software Application","","2016-06-22T14:46:37.000Z","2025-12-30T13:20:43.806Z"
"VXNlcjo4Nzk5MDExOTU1NzczNDQwMDA=","879901195577344000","Kushiro","kushirosea","Yes","Author of Grid Modeler (blender addon)
https://t.co/8XKOESS1Uv
Software development for CG
https://t.co/iJVMg7F7si
#gridmodeler #b3d","21694","21694","1261","22936","323","7387","","1450","https://pbs.twimg.com/profile_banners/879901195577344000/1629684307","https://x.com/kushirosea","https://pbs.twimg.com/profile_images/1297713265116459008/sB5p675M_normal.jpg","Yes","No","No","No","","","","2017-06-28T03:16:07.000Z","2025-12-30T13:20:43.806Z"
"VXNlcjoyODAwNzUzMTMz","2800753133","Late as usual 🏳️‍⚧️","lateasusual_","Yes","She/Her/Dev/VFX/Tech Artist, DillonGoo Studios.
Linux, Blender, Python etc.
Email: info(@)https://t.co/l75gr8oNjH","63635","63635","1251","22642","565","6078","Somewhere in scotland","1742","https://pbs.twimg.com/profile_banners/2800753133/1625189888","https://x.com/lateasusual_","https://pbs.twimg.com/profile_images/1580235432691900416/IEm7kaq8_normal.jpg","No","No","No","No","","","""is_enabled"": ""false""","2014-10-02T20:25:40.000Z","2025-12-30T13:20:43.806Z"
"VXNlcjoxMjQ4Mjk2OTI2MDAyNTMyMzU0","1248296926002532354","Cartesian Caramel","Cartesian_C","Yes","3D Artist :)
Worked on Sonic 3

Instagram: cartesian_caramel
Gumroad Projects: https://t.co/hLB1CVo8m7","85039","85039","43","915","737","2542","Connecticut, USA","1432","https://pbs.twimg.com/profile_banners/1248296926002532354/1697032042","https://x.com/Cartesian_C","https://pbs.twimg.com/profile_images/1649439989002911744/rJXVdQDD_normal.jpg","No","No","No","No","","","","2020-04-09T17:10:55.000Z","2025-12-30T13:20:43.806Z"
"VXNlcjo5MTM4NDI3NzMyNTM0MjcyMDA=","913842773253427200","Rui Huang","RuiHuang_art","Yes","Scifi Artist丨Nothing is Final ｜Inquire📫：stellaxis.info@gmail.com","154720","154720","123","26124","1091","4285","Earth","130","https://pbs.twimg.com/profile_banners/913842773253427200/1670502172","https://x.com/RuiHuang_art","https://pbs.twimg.com/profile_images/1738992267858452480/hpZ-s7F7_normal.jpg","Yes","No","No","Yes","Creator","","""is_enabled"": ""true""
""ethereum_handle"": ""0xdC7617d4224FcD303d1c9C1504dCdCa67CF06bE2""","2017-09-29T19:07:50.000Z","2025-12-30T13:20:43.806Z"
"VXNlcjoxMDU1NTM0MTY=","105553416","Riley Brown (rileyb3d)","rileyb3d","Yes","How I make stuff: https://t.co/sFoWrRtDmR
My asset library: https://t.co/EvzYg7qqrk","15634","15634","557","7432","170","6365","The Mountains","1894","https://pbs.twimg.com/profile_banners/105553416/1763914205","https://x.com/rileyb3d","https://pbs.twimg.com/profile_images/1993909210950893568/I6knQxPa_normal.jpg","Yes","No","No","No","","","","2010-01-16T18:17:46.000Z","2025-12-30T13:20:43.806Z"
"VXNlcjoyMDAyMTI2NDMzOTg5MzI4ODk2","2002126433989328896","E-moL🦭 | Game Creator","moving_copyleft","Yes","Game Creator | Designer | 🎮 Specular Jiangshi launching Jan 1, 2026 on Steam 🚀✨","174","174","981","11","0","9","","2","https://pbs.twimg.com/profile_banners/2002126433989328896/1766179760","https://x.com/moving_copyleft","https://pbs.twimg.com/profile_images/2002725778279301122/RVnrKHYo_normal.jpg","No","No","No","No","","","","2025-12-19T21:19:01.000Z","2025-12-30T13:20:43.806Z"
"VXNlcjo1Mjc5NjIwODI=","527962082","akatz","akatz_ai","No","AI Art appreciator, software developer and Claude abuser.
Building ComfyGit.","1091","1091","236","2336","20","181","","50","https://pbs.twimg.com/profile_banners/527962082/1722317980","https://x.com/akatz_ai","https://pbs.twimg.com/profile_images/1798255193488084992/QWGWSPbb_normal.jpg","Yes","No","No","No","","","","2012-03-18T00:05:40.000Z","2025-12-30T13:20:43.806Z"
"VXNlcjoyMDAxNTAzMTYwMzg5NzY3MTY4","2001503160389767168","Amy","_onebytecafe_","Yes","ENG/ESP/日本語  👍🏻 
Latina pixel artist 🇭🇳
Main: @one_byte_cafe","902","902","117","884","5","348","Texas","11","https://pbs.twimg.com/profile_banners/2001503160389767168/1766100871","https://x.com/_onebytecafe_","https://pbs.twimg.com/profile_images/2001503615949647872/RNbBu5JT_normal.jpg","No","No","No","No","","","","2025-12-18T04:02:02.000Z","2025-12-30T13:20:43.806Z"
"VXNlcjoxMjcxODkwNjk2OTg3OTc5Nzc3","1271890696987979777","SaikingS - Verho Developer","KettuGames","Yes","I'm SaikingS, a game developer from Poland working on Dungeon Crawler, inspired by King's Field, Verho - Curse of Faces, and some smaller projects.","376","376","26","614","6","494","Polska","276","https://pbs.twimg.com/profile_banners/1271890696987979777/1735993187","https://x.com/KettuGames","https://pbs.twimg.com/profile_images/1875517081707298816/VeYPGdHB_normal.jpg","No","No","No","No","","","","2020-06-13T19:42:34.000Z","2025-12-30T13:20:43.806Z"
"VXNlcjoxMjcyNzc1MTY2ODg0NDQ2MjA5","1272775166884446209","Jettelly Inc.","jettelly","Yes","Shaders, Technical Art & Game-Dev Learning. News, Courses & Books ✨","6644","6644","87","2469","73","2326","Canada","941","https://pbs.twimg.com/profile_banners/1272775166884446209/1765279077","https://x.com/jettelly","https://pbs.twimg.com/profile_images/1279264778884612102/WELOt9OA_normal.jpg","No","No","No","No","","","","2020-06-16T06:17:38.000Z","2025-12-30T13:20:43.806Z"
"VXNlcjoxNjE3MjYzNDkyNzEyNjE1OTQx","1617263492712615941","Merifif | よぞら🦋","merifif","Yes","She/they |INFJ| ✦ Art addicted elf ✦ | nature's child 💜🍃 | IbisPaint X 🎨 | ଘ (੭ˊ ꒳ ˋ) ੭✧ |COMMISSIONS OPEN!/NSFW allowed|https://t.co/dWQMDUk6H3","6310","6310","793","19442","7","4625","Greece","1000","https://pbs.twimg.com/profile_banners/1617263492712615941/1766680173","https://x.com/merifif","https://pbs.twimg.com/profile_images/1995671580895072256/7hv5wX32_normal.jpg","No","No","No","No","","","""is_enabled"": ""false""","2023-01-22T20:50:58.000Z","2025-12-30T13:20:43.806Z"
"VXNlcjoxMDY4NTk3NjMxOTAxOTQxNzY1","1068597631901941765","Bear Belly Games *Dungeons and Ducklings Dev","BearBellyGames","No","Indie game dev. Currently developing Dungeons and Ducklings.
Wishlist on Steam: https://t.co/G4E1vxr5Hu
I make Beary Good Games!","78","78","77","254","1","663","Minneapolis Minnesota","527","https://pbs.twimg.com/profile_banners/1068597631901941765/1706663845","https://x.com/BearBellyGames","https://pbs.twimg.com/profile_images/1752501062622212096/QR_1QuwG_normal.jpg","No","No","No","No","","","","2018-11-30T20:08:23.000Z","2025-12-30T13:20:43.806Z"
"VXNlcjo3NjM3ODk1NTQ=","763789554","Mima 🎪","PixelMima","Yes","Lead pixel artist on #GraveSeasons | Pixel artist @forlornmemories | Contact: mima.pixel@gmail.com","68196","68196","543","16379","751","6500","","12","https://pbs.twimg.com/profile_banners/763789554/1630238549","https://x.com/PixelMima","https://pbs.twimg.com/profile_images/1914715261808050188/u6dogjCo_normal.jpg","No","No","No","No","","","","2012-08-17T14:13:55.000Z","2025-12-30T13:20:43.806Z"
"VXNlcjozMjc4NDYwMDEz","3278460013","finch","illufinch","No","local eccentric hermit/commissions open
email illufinchart@gmail.com/
https://t.co/yVPLMtvYUS","68916","68916","580","33136","811","9481","","1457","https://pbs.twimg.com/profile_banners/3278460013/1683100957","https://x.com/illufinch","https://pbs.twimg.com/profile_images/1172358379978682368/rslT4zwe_normal.jpg","No","No","No","No","","","","2015-07-13T10:54:24.000Z","2025-12-30T13:20:43.806Z"
"VXNlcjo4NzExODkxMjUwMDg3NzMxMjI=","871189125008773122","Mr. Makham","MakhamDev","Yes","Make Pixel Composer

Available on itch: https://t.co/qp0q5z1T5b
Steam : https://t.co/FKbCb7Tgum","9443","9443","193","22344","83","1768","Thailand","885","https://pbs.twimg.com/profile_banners/871189125008773122/1672199986","https://x.com/MakhamDev","https://pbs.twimg.com/profile_images/1615532413307998208/aaOy2X2Z_normal.jpg","No","No","No","No","","","","2017-06-04T02:17:28.000Z","2025-12-30T13:20:43.806Z"
"VXNlcjoxOTQ0NzkzNDI2NDc1NzUzNDcy","1944793426475753472","Felicia","felicia_drawss","Yes","drawing feelings  ♡(｡• ᴗ •｡)♡
sunsets, playlists & pretty little things 🌸
#commissions open now :p","1659","1659","857","2848","3","2916","Kiss Me Mootie","62","https://pbs.twimg.com/profile_banners/1944793426475753472/1762958955","https://x.com/felicia_drawss","https://pbs.twimg.com/profile_images/1988620096730705920/qlKTp6Qa_normal.jpg","No","No","No","No","Creator","Id: 1017, Name: Artist","","2025-07-14T16:17:51.000Z","2025-12-30T13:20:43.806Z"
"VXNlcjoxOTYwMjg4MTE3OTA4MjM4MzM2","1960288117908238336","The Vow: Vampire's Curse| Wishlist on Steam","MimyrGames","No","Working on a Medieval tactical combat Deckbuilder. Wishlist on 👉 https://t.co/Pd2qB9wnE2","906","906","208","443","5","234","","95","https://pbs.twimg.com/profile_banners/1960288117908238336/1756229471","https://x.com/MimyrGames","https://pbs.twimg.com/profile_images/1963256365775822848/e9Z-WszX_normal.jpg","No","No","No","No","Business","Id: 1037, Name: Game Developer","","2025-08-26T10:28:48.000Z","2025-12-30T13:20:43.806Z"
"VXNlcjoxODQ3NTM2MTg4ODk2MjQ3ODA4","1847536188896247808","coolerputt","coolerputt","Yes","I am a software developer proficient with python, C++ , I am a game dev and creator of NuekJS and Currently building Mecha Royale","325","325","325","10991","1","2525","Akure, Nigeria","279","https://pbs.twimg.com/profile_banners/1847536188896247808/1729369855","https://x.com/coolerputt","https://pbs.twimg.com/profile_images/2005775248977809409/6fKKrgDz_normal.jpg","No","No","No","No","","","","2024-10-19T07:12:38.000Z","2025-12-30T13:20:43.806Z"
"VXNlcjoxMzcwMjk1MTA2MDc1NTA4NzM4","1370295106075508738","Nikos Paschalis ☕ 💻","NikosPaschalis2","Yes","Bachelor in CS. Passionate about web development technologies 💻 crypto 🚀 enthusiast and gamer 🎮. Currently learning Threejs.","83","83","432","6498","1","561","Greece","20","https://pbs.twimg.com/profile_banners/1370295106075508738/1628533662","https://x.com/NikosPaschalis2","https://pbs.twimg.com/profile_images/1399667728722673669/GEwDMsD2_normal.jpg","No","No","No","No","Creator","Id: 713, Name: Science & Technology","","2021-03-12T08:46:35.000Z","2025-12-30T13:20:43.806Z"
"VXNlcjoxMDgxODg0MTIyODgzMDg0Mjg5","1081884122883084289","NesBleuBleu","nesbleubleu","Yes","Video game programmer. Developer of FamiStudio.","1636","1636","49","773","20","390","Singapore","84","https://pbs.twimg.com/profile_banners/1081884122883084289/1588502606","https://x.com/nesbleubleu","https://pbs.twimg.com/profile_images/1082065644126756865/bSpht0mB_normal.jpg","No","No","No","No","","","","2019-01-06T12:04:10.000Z","2025-12-30T13:20:43.806Z"
"VXNlcjoxNzAxMzIwODc=","170132087","kampe","nickkampe","Yes","dad & buidler - am valuable, my bio tells you so","1825","1825","3291","10872","25","5011","STL","134","https://pbs.twimg.com/profile_banners/170132087/1535444679","https://x.com/nickkampe","https://pbs.twimg.com/profile_images/1274305933296967680/EhZQ6WwH_normal.jpg","No","No","No","No","","","","2010-07-24T01:02:20.000Z","2025-12-30T13:20:43.806Z"
"VXNlcjoxMzI0MjIyMDY0","1324222064","Anders Gullmarsvik","pxlitch","No","Game artist, indiedev & father of 2 small humans. Currently hard at work on @kyoragame and THIS and THAT

Games & assets: https://t.co/YqjEv9G2YC","24689","24689","619","8288","409","2118","Göteborg, Sverige","289","https://pbs.twimg.com/profile_banners/1324222064/1619040668","https://x.com/pxlitch","https://pbs.twimg.com/profile_images/1383465584801714179/6vouQ5gI_normal.png","No","No","No","No","","","","2013-04-03T09:31:25.000Z","2025-12-30T13:20:43.806Z"
"VXNlcjoxNDY0MTI1Mw==","14641253","Hannes Rahm","kebabskal","No","Swedish indiedev. Made Hell is Other Demons, Lone Ruin and Wild Growth. WG is Out now! Get it on Steam https://t.co/MZEfMYscIi","15080","15080","1049","2384","242","3610","Sweden","550","https://pbs.twimg.com/profile_banners/14641253/1643013908","https://x.com/kebabskal","https://pbs.twimg.com/profile_images/918341675587485696/8sihsxjK_normal.jpg","No","No","No","No","","","","2008-05-03T20:29:23.000Z","2025-12-30T13:20:43.806Z"
"VXNlcjo2OTU2Mzg5MQ==","69563891","Johan Vinet","johanvinet","No","Game Dev, founder @CanariGames
🏝 CASTAWAY || https://t.co/HrZsy0hpbh
🌙LUNARK || https://t.co/pKBJgyDd8R
🦋https://t.co/3S0kVbZCgI","43675","43675","787","44458","806","24266","Montréal, CA","2913","https://pbs.twimg.com/profile_banners/69563891/1712334282","https://x.com/johanvinet","https://pbs.twimg.com/profile_images/378800000010855065/8551b3a70f4765d2e525e06b6a7be1eb_normal.gif","No","No","No","No","Creator","Id: 1037, Name: Game Developer","","2009-08-28T11:19:48.000Z","2025-12-30T13:20:43.806Z"
"VXNlcjoyNTE1ODQ3MDU5","2515847059","Thomas Feichtmeir","cyangmou","No","Cyangmou, #pixelart consultant & artist.
Art Director for tinyBuild, worked on 25+ games: Dome Keeper, Songs of Conquest, Blasphemous,
thomas.feichtmeir@gmx.at","84970","84970","736","22420","1113","15571","Vienna, Austria","2093","https://pbs.twimg.com/profile_banners/2515847059/1644995884","https://x.com/cyangmou","https://pbs.twimg.com/profile_images/1386328539461529604/yQPCt8vi_normal.png","No","No","No","No","","","","2014-05-22T16:36:55.000Z","2025-12-30T13:20:43.806Z"
"VXNlcjoxODQ1MDc1Nw==","18450757","@danieldiggle.bsky.social","DanielDiggle","Yes","Pixel Art. Designer. Illustrator. Animator. 🙌 Co-Founder: @broxcorpgames 🎮 @skiesofchaos OUT NOW! 👋 bSKY: https://t.co/bVcxhmLSlL","14461","14461","389","12373","234","67","Tottenham, London","114","https://pbs.twimg.com/profile_banners/18450757/1720800308","https://x.com/DanielDiggle","https://pbs.twimg.com/profile_images/1629098878518669319/ytWLC842_normal.jpg","No","No","No","No","Creator","Id: 1017, Name: Artist","","2008-12-29T14:56:41.000Z","2025-12-30T13:20:43.806Z"
"VXNlcjoyODI4NTgwNDU0","2828580454","Delicious","zjdelicious","Yes","Profits for charity","49181","49181","320","10412","432","7561","Vancouver, British Columbia","908","https://pbs.twimg.com/profile_banners/2828580454/1433276202","https://x.com/zjdelicious","https://pbs.twimg.com/profile_images/1427797953213784065/GBjoKyuy_normal.jpg","No","No","No","No","Creator","","","2014-10-13T22:56:28.000Z","2025-12-30T13:20:43.806Z"
"VXNlcjoxNDAxNTkxMzc5ODg5OTg3NTg2","1401591379889987586","Moonstone Island - Physical Edition AVAILABLE NOW!","Moonstone_game","No","A creature-collecting lifesim from Studio Supersoft & @rawfury | https://t.co/pHZhhDtYW5 | https://t.co/WoJKq2Tb2j","59052","59052","985","26169","314","7800","Steam, GOG, and Switch","934","https://pbs.twimg.com/profile_banners/1401591379889987586/1714671579","https://x.com/Moonstone_game","https://pbs.twimg.com/profile_images/1786086457657978880/a_92mZuO_normal.jpg","Yes","No","No","No","Business","Id: 1037, Name: Game Developer","","2021-06-06T17:28:23.000Z","2025-12-30T13:20:43.806Z"
"VXNlcjo3Njc3NTU5MTc4OTA4NDI2MjQ=","767755917890842624","Oskar Stålberg","OskSta","No","Gamedev. Made @BadNorthGame and Townscaper. Both available on most platforms. Go buy em!","109662","109662","1417","82758","1102","15144","Malmo, Sweden","534","https://pbs.twimg.com/profile_banners/767755917890842624/1532114530","https://x.com/OskSta","https://pbs.twimg.com/profile_images/767772432891510784/hDb4djkU_normal.jpg","No","No","No","No","","","","2016-08-22T16:10:49.000Z","2025-12-30T13:20:43.806Z"
"VXNlcjoxNDEyMTkzMDg2","1412193086","Nauris","Namatnieks","Yes","Pixel Artist | Indie Dev | 
Email: aamatniekss@gmail.com | 
My steam: https://t.co/aq2uG4o0w8","69214","69214","680","44368","927","18786","Latvia","1347","https://pbs.twimg.com/profile_banners/1412193086/1725968945","https://x.com/Namatnieks","https://pbs.twimg.com/profile_images/1992947755333890049/PdTNI1Sd_normal.jpg","No","No","No","No","Creator","Id: 1017, Name: Artist","","2013-05-08T07:15:13.000Z","2025-12-30T13:20:43.806Z"
"VXNlcjo3ODQ2NjEyMzM4OTUxMDg2MTI=","784661233895108612","Franek","Franrekk","Yes","Making pixelart n shit

Wallpapers - https://t.co/cHd7nYRngr

My game Arco - https://t.co/DFgSqS7yAD","94501","94501","491","19861","914","8638","","2514","https://pbs.twimg.com/profile_banners/784661233895108612/1695561235","https://x.com/Franrekk","https://pbs.twimg.com/profile_images/1349837397220057093/eNEyS8i1_normal.jpg","Yes","No","No","No","","","","2016-10-08T07:46:31.000Z","2025-12-30T13:20:43.806Z"
"VXNlcjoyNzYyMTgwNzg0","2762180784","Jon Keller (Hire me for pixel art work!)","jonkellerdev","Yes","Freelance pixel artist, animator and gamedev. Working on Arclands, a deceptively cute RPG inspired city builder.","10569","10569","1664","1486","161","1665","Hamburg, Deutschland","317","https://pbs.twimg.com/profile_banners/2762180784/1693558187","https://x.com/jonkellerdev","https://pbs.twimg.com/profile_images/1697545913563054081/wvp2vifh_normal.jpg","No","No","No","No","","","","2014-08-24T12:01:54.000Z","2025-12-30T13:20:43.806Z"
"VXNlcjo0MDQzNjI0NTI=","404362452","LUKΛ - Looking for contract work","RunWTheWolves","Yes","Pixel Artist & GameDev. 
Worked on @BALLxPIT - Out Now!
Made #EverCrawl - Out Now on iOS & Android! - https://t.co/yZpy1LYuXY","5681","5681","646","5337","160","2647","Malta","1143","https://pbs.twimg.com/profile_banners/404362452/1597167586","https://x.com/RunWTheWolves","https://pbs.twimg.com/profile_images/1546563355208519680/Dr5aArVh_normal.png","No","No","No","No","","","","2011-11-03T20:28:31.000Z","2025-12-30T13:20:43.806Z"
"VXNlcjoxNzgzMjg0NzIzMDg0NTYyNDMy","1783284723084562432","nupsu","nupsume","Yes","3d artist wannabe #b3d | she/her","25531","25531","489","16245","144","1960","🇪🇪","193","https://pbs.twimg.com/profile_banners/1783284723084562432/1749551302","https://x.com/nupsume","https://pbs.twimg.com/profile_images/1871509477876174848/GydrEWlq_normal.jpg","No","No","No","No","","","","2024-04-25T00:00:11.000Z","2025-12-30T13:20:43.806Z"
"VXNlcjoxMTc4MjcyNjMxNDk5NDI3ODQx","1178272631499427841","Mirru 💎","mirrutatep","Yes","Professional Pixel Artist","55909","55909","424","45740","547","30702","Support me on ko-fi ➡️","1925","https://pbs.twimg.com/profile_banners/1178272631499427841/1641248790","https://x.com/mirrutatep","https://pbs.twimg.com/profile_images/1811133706767097856/bfy3uWaC_normal.png","No","No","No","No","","","","2019-09-29T11:37:49.000Z","2025-12-30T13:20:43.806Z"
"VXNlcjo5NjY1MDY4NA==","96650684","Juan F","Juan_F_P","No","3D generalist","235","235","2445","37851","0","6875","Canarias - Madrid","90","https://pbs.twimg.com/profile_banners/96650684/1350488224","https://x.com/Juan_F_P","https://pbs.twimg.com/profile_images/1212109395007614978/DI6dN1Qa_normal.jpg","No","No","No","No","","","","2009-12-13T23:46:21.000Z","2025-12-30T13:20:43.806Z"
"VXNlcjo0ODQwMzIwNzcy","4840320772","Anya Jo Elvidge","Anya_The_Artist","Yes","Freelance Enviro Artist. Van lifer.
Artist @OdysseyStudio, @mediamolecule
Epic ◾ Supercell ◾ Rare ◾ Gameloft
Consulting & Teaching Enviro Art","31056","31056","668","5128","413","2876","UK","544","https://pbs.twimg.com/profile_banners/4840320772/1760100223","https://x.com/Anya_The_Artist","https://pbs.twimg.com/profile_images/1574358485034213376/IeIbf2n7_normal.jpg","No","No","No","No","","","","2016-01-24T00:04:53.000Z","2025-12-30T13:20:43.806Z"
"VXNlcjo1MDUzMzIwMDI=","505332002","Simon S. Andersen","snakepixel","Yes","Pixel artist | illustrator | Creator of Owlboy,Savant Ascent,Vikings on Trampolines | CO-CEO of: https://t.co/FYev5kSsJG

Other sites: https://t.co/Yl4UGSKVld","71871","71871","79","7352","827","14071","Norway","2262","https://pbs.twimg.com/profile_banners/505332002/1418399376","https://x.com/snakepixel","https://pbs.twimg.com/profile_images/1852749574856986624/JtPNrshs_normal.png","No","No","No","No","","","","2012-02-27T02:56:45.000Z","2025-12-30T13:20:43.806Z"
"VXNlcjoyMjc1OTI4OTk1","2275928995","Deakcor","deakcor","Yes","Game and app developer FR. Currently working on #PixelOver https://t.co/tZL9tlyRKi

 #indiedev #gamedev","3168","3168","650","3511","53","1496","France","258","https://pbs.twimg.com/profile_banners/2275928995/1595720369","https://x.com/deakcor","https://pbs.twimg.com/profile_images/907223023547293696/dova7vK2_normal.jpg","No","No","No","No","","","","2014-01-04T10:32:46.000Z","2025-12-30T13:20:43.806Z"
"VXNlcjoxNzg4NjU4NjczOTIyNzcyOTky","1788658673922772992","Boooooom","Booooooomstick","No","Pixelartist
Tilesets for RPGMAKER🏰
ESP/ENG
🔴Itchio: https://t.co/xBCGmkjyjw
🔴Patreon: https://t.co/Sc1qFZVbzE","2582","2582","1268","27087","28","8498","","726","https://pbs.twimg.com/profile_banners/1788658673922772992/1766264214","https://x.com/Booooooomstick","https://pbs.twimg.com/profile_images/1978235647186948096/U5EqRdaZ_normal.jpg","No","No","No","No","","","","2024-05-09T19:54:31.000Z","2025-12-30T13:20:43.806Z"
"VXNlcjoxMTYxNzI0MDQ4NDQwNzkxMDQy","1161724048440791042","Pixel Frog","PixelFrogStudio","No","Pixel Artist creating Game Assets for developers :)","8714","8714","812","7028","98","1032","Florida's swamp 🐸","293","https://pbs.twimg.com/profile_banners/1161724048440791042/1642792789","https://x.com/PixelFrogStudio","https://pbs.twimg.com/profile_images/1593716748947185664/YnT8npcm_normal.jpg","Yes","No","No","No","Creator","Id: 1017, Name: Artist","","2019-08-14T19:39:31.000Z","2025-12-30T13:20:43.806Z"
"VXNlcjoxMDcwNTk1Nzk3OTYyNjMzMjE2","1070595797962633216","Detective Fantasia EXCALIMURDER","DetFantasia","Yes","👁‍🗨 Colorful fantasy detective games by @TeoChhim
👁‍🗨 Wishlist: https://t.co/YRNzomVPSW
👁‍🗨 More links: https://t.co/rXPP48Ppy3","16250","16250","116","3718","178","935","","461","https://pbs.twimg.com/profile_banners/1070595797962633216/1725443016","https://x.com/DetFantasia","https://pbs.twimg.com/profile_images/1428666081678348290/rqUOXmcF_normal.jpg","No","No","No","No","","","","2018-12-06T08:28:23.000Z","2025-12-30T13:20:43.806Z"
"VXNlcjozMjQzOTY1ODk3","3243965897","Timpers","TimpersHD","Yes","Pixel artist  🌊🍜 ⁣ co-founder @ChimpersHQ","58983","58983","8614","228738","494","80822","Pixelverse ","7544","https://pbs.twimg.com/profile_banners/3243965897/1751823583","https://x.com/TimpersHD","https://pbs.twimg.com/profile_images/2005237989593522176/W9zyJAtC_normal.jpg","Yes","No","No","No","","","","2015-05-09T20:44:03.000Z","2025-12-30T13:20:43.806Z"
"VXNlcjoxMTc3Njc0MTY5NDA1ODM3MzEy","1177674169405837312","DrSmey","dr_smey","Yes","professional pixelartist ~ gamedev enthusiast ~ determined learner","23863","23863","544","9033","295","1917","Germany","1060","https://pbs.twimg.com/profile_banners/1177674169405837312/1730223237","https://x.com/dr_smey","https://pbs.twimg.com/profile_images/1602449849865183234/onstcRkY_normal.png","No","No","No","No","","","","2019-09-27T19:59:49.000Z","2025-12-30T13:20:43.806Z"
"VXNlcjoxNTY5MjkyODEwODM0MTI0ODAw","1569292810834124800","Astropulse","RealAstropulse","Yes","I teach rocks to solve massive differential equations.
https://t.co/i7BO8vjpZB

For B2B stuff reach out in DMs, Discord, or email","6455","6455","48","5176","75","3214","256x256 Canvas","819","https://pbs.twimg.com/profile_banners/1569292810834124800/1732717921","https://x.com/RealAstropulse","https://pbs.twimg.com/profile_images/1569293386099613698/GIWj4NxE_normal.jpg","Yes","No","No","No","","","","2022-09-12T11:52:21.000Z","2025-12-30T13:20:55.486Z"
"VXNlcjoxMTcyOTMwNjg3NzcyNTY5NjA1","1172930687772569605","Rusty's Retirement 🌱","MrMorrisGames","Yes","👾 Tiny tiny game studio 🤖 Haiku the Robot is available on Steam and the Nintendo Switch ➡ Rusty's Retirement is OUT NOW on Steam!","34078","34078","1140","12163","237","6849","","764","https://pbs.twimg.com/profile_banners/1172930687772569605/1709811470","https://x.com/MrMorrisGames","https://pbs.twimg.com/profile_images/1752637391146250240/Sy4lC3nS_normal.png","No","No","No","No","","","","2019-09-14T17:50:53.000Z","2025-12-30T13:20:55.486Z"
"VXNlcjoxNTc3ODIwOTY3","1577820967","Pixel Art Journey","PixelArtJourney","Yes","Scilex.
Prints: https://t.co/Kgux8MrrGx
business@pixelartjourney.com
https://t.co/RmVSaTZSZT
Pixquare Color - Use code 'journey' 30% OFF","62903","62903","1359","29728","608","12504","","1438","https://pbs.twimg.com/profile_banners/1577820967/1664838273","https://x.com/PixelArtJourney","https://pbs.twimg.com/profile_images/1736136521877524480/00vn2DTO_normal.jpg","No","No","No","No","","","","2013-07-08T14:23:00.000Z","2025-12-30T13:20:55.486Z"
"VXNlcjoxNDk1NjMyNDExMDk4NTU4NDY0","1495632411098558464","Qwerty","Qwertgfx","Yes","Pixel Artist~

Making lovely pixelart works :p","4559","4559","318","4870","54","256","","52","https://pbs.twimg.com/profile_banners/1495632411098558464/1684873280","https://x.com/Qwertgfx","https://pbs.twimg.com/profile_images/1664857509629251584/KvjV2JFo_normal.jpg","No","No","No","No","","","","2022-02-21T05:32:19.000Z","2025-12-30T13:20:55.486Z"
"VXNlcjoxMDE0MjI2NjQ0NjYyMzAwNjcy","1014226644662300672","madebyabra","madebyabra","Yes","blender retroslop // commissions open madebyabra@gmail.com","33658","33658","1347","56234","238","3082","mount yama","136","https://pbs.twimg.com/profile_banners/1014226644662300672/1763702331","https://x.com/madebyabra","https://pbs.twimg.com/profile_images/1991816641173467137/pKQR9pKe_normal.jpg","No","No","No","No","","","""is_enabled"": ""false""","2018-07-03T19:17:30.000Z","2025-12-30T13:20:55.486Z"
"VXNlcjoyNTE3NzAxNjQ4","2517701648","Blender Studio 🔶","BlenderStudio_","No","The Creators Who Share.

Blender Studio is part of the @Blender project.","115609","115609","3","166","773","1381","Blender HQ","561","https://pbs.twimg.com/profile_banners/2517701648/1752408729","https://x.com/BlenderStudio_","https://pbs.twimg.com/profile_images/1451482560425566213/b4cFcm6V_normal.jpg","No","No","No","No","Business","Id: 583, Name: Computer Animation Studio","","2014-05-23T12:15:36.000Z","2025-12-30T13:20:55.486Z"
"VXNlcjoyMjIwNTQ5Mw==","22205493","Wes McDermott","The3DNinja","Yes","Principal Director, Creative Cloud Evangelism & Community Advocacy @adobe Views are my own","19978","19978","1020","10865","309","19063","USA","1116","https://pbs.twimg.com/profile_banners/22205493/1738938526","https://x.com/The3DNinja","https://pbs.twimg.com/profile_images/1585379741766455327/CjyEzE4g_normal.jpg","Yes","No","No","No","Creator","Id: 1017, Name: Artist","","2009-02-27T23:23:42.000Z","2025-12-30T13:20:55.486Z"
"VXNlcjozMDIxNTg5MDgz","3021589083","Jeryce Dianingana","JeryceDia","Yes","🇨🇬🇬🇧🇫🇷 Snr Artist on Battlefield 6

Former Director Black Panther/ Ex Senior Env at Rocksteady, EA, Rocksteady,Eidos, Ubisoft","22903","22903","3100","25148","183","11804","Vancouver, British Columbia","5099","https://pbs.twimg.com/profile_banners/3021589083/1755883062","https://x.com/JeryceDia","https://pbs.twimg.com/profile_images/1875669991627907072/5TnmhUzH_normal.jpg","No","No","No","No","Creator","Id: 1091, Name: 3D Artist (or) 3D Designer","","2015-02-06T15:42:09.000Z","2025-12-30T13:20:55.486Z"
"VXNlcjoyNDQ0NjgzMA==","24446830","Henning Sanden","henningsanden","Yes","Co-founder of FlippedNormals. 
3D artist and startup founder. I used to work on movies. 
🇳🇴 in 🇬🇧 

Character mentorship available:
https://t.co/8RMzGEYmVc","36659","36659","1466","16898","246","24385","London ","2810","https://pbs.twimg.com/profile_banners/24446830/1534972830","https://x.com/henningsanden","https://pbs.twimg.com/profile_images/950502397293551616/q4fxuFv0_normal.jpg","No","No","No","No","","","","2009-03-14T23:07:48.000Z","2025-12-30T13:20:55.486Z"
"VXNlcjoyMDMwOTIzNA==","20309234","Andrew Price","andrewpprice","Yes","The donut guy. Founder and CEO of Poliigon https://t.co/KMdVQoGpcO and Blender Guru https://t.co/LNp8gk1DaF","159611","159611","504","10176","1515","35639","The Woodlands, TX","5067","https://pbs.twimg.com/profile_banners/20309234/1703123166","https://x.com/andrewpprice","https://pbs.twimg.com/profile_images/1833198422880620545/fCTl6CvH_normal.jpg","Yes","No","No","No","","","","2009-02-07T13:32:41.000Z","2025-12-30T13:20:55.486Z"
"VXNlcjo4Njc5OTA2MDM2ODYwMDY3ODQ=","867990603686006784","Leslie 💎","leslievdb","No","Principal 3D Character artist  @ Gravity Well formerly: Phoenix Labs ,Cloud Chamber, Riot, Blizzard and Larian 
The views expressed are my own","48702","48702","2680","14928","316","238","","69","https://pbs.twimg.com/profile_banners/867990603686006784/1603733797","https://x.com/leslievdb","https://pbs.twimg.com/profile_images/1931895949959274496/YOk8XHJR_normal.jpg","No","No","No","No","","","","2017-05-26T06:27:41.000Z","2025-12-30T13:20:55.486Z"
"VXNlcjo0MjE2MzQ2NTk0","4216346594","Andrew Hodgson","AndrewHodgson3D","Yes","Senior Hard Surface Modeller II at @blizzard_ent. Previously  in the film VFX industry, Contributed to Dune, Star Wars, Transformers, Marvel, to name a few.","33655","33655","796","9202","189","3228","Vancouver, British Columbia","601","https://pbs.twimg.com/profile_banners/4216346594/1765481059","https://x.com/AndrewHodgson3D","https://pbs.twimg.com/profile_images/1498108484960747524/_JSb-obg_normal.jpg","No","No","No","No","","","","2015-11-12T21:10:51.000Z","2025-12-30T13:20:55.486Z"
"VXNlcjoxOTUxNTQ3NDY2","1951547466","FlippedNormals","FlippedNormals","No","https://t.co/4XMA7VGDX4 - The Only Curated CG Marketplace","45088","45088","212","1623","351","9222","Copenhagen, Denmark","6088","https://pbs.twimg.com/profile_banners/1951547466/1650878898","https://x.com/FlippedNormals","https://pbs.twimg.com/profile_images/1518526421416787968/yWdogNps_normal.jpg","No","No","No","No","Creator","Id: 144, Name: Education","","2013-10-10T12:05:30.000Z","2025-12-30T13:20:55.486Z"
"VXNlcjoxMzgwODM4ODc=","138083887","𝔇, Hunter of the Dead 🌙✨","dekubrush","No","He/Him ✦ Tarnished ✦ Personal account, my views are MINE","16019","16019","1512","75778","102","18136","The Lands Between","2983","https://pbs.twimg.com/profile_banners/138083887/1670519027","https://x.com/dekubrush","https://pbs.twimg.com/profile_images/1775741834435952640/ILdv9kxA_normal.jpg","No","No","No","No","","","","2010-04-28T15:41:45.000Z","2025-12-30T13:20:55.486Z"
"VXNlcjozNDcxMDE1NDE=","347101541","Miettinen Jesse - Blenderesse","JesseMiettinen","Yes","Blender - RND - Geometrynodes - Proceduralism - Technical Artist. No tutorials.","62223","62223","113","7858","576","3345","Finland","874","https://pbs.twimg.com/profile_banners/347101541/1622712585","https://x.com/JesseMiettinen","https://pbs.twimg.com/profile_images/1638913654455164933/FVhZA_OU_normal.jpg","No","No","No","No","","","","2011-08-02T08:31:05.000Z","2025-12-30T13:20:55.486Z"
"VXNlcjoxMjUyNjcxODg=","125267188","MJ","MjTheHunter","Yes","Co-Founder of Flippednormals - Not trying to change the world, just want to have a positive impact on the people in it","6203","6203","223","2765","56","4178","Denmark","730","https://pbs.twimg.com/profile_banners/125267188/1554347853","https://x.com/MjTheHunter","https://pbs.twimg.com/profile_images/1138741397903646721/_ncFN1qL_normal.png","No","No","No","No","","","","2010-03-22T07:41:06.000Z","2025-12-30T13:20:55.486Z"
"VXNlcjo5NzI0MzAxMTM5NDkzMTUwNzI=","972430113949315072","INANIMA | Lamentum","ObscureTales","Yes","Descend in a spiral of madness.

Steam :
https://t.co/aFEHgIEqkG    
https://t.co/lJWdb6KLuy                  

Email: info@obscuretales.com","4866","4866","76","8067","77","4452","Grau Hill","1152","https://pbs.twimg.com/profile_banners/972430113949315072/1704448281","https://x.com/ObscureTales","https://pbs.twimg.com/profile_images/1621073013394345986/zOZi_OcV_normal.jpg","Yes","No","No","No","","","","2018-03-10T11:13:00.000Z","2025-12-30T13:20:55.486Z"
"VXNlcjoxMzE4OTkyNDQ0MTY0Mjc2MjI1","1318992444164276225","Alex de la Cour Pixels - Book of Abominations 📖🐙","delagorepixels","Yes","Indie developer, pixel artist, programmer. Animal and nature lover, hiking enthusiast.

Co-founder of @StudioCatloaf, developing Book of Abominations 🐙 👇👇","5159","5159","710","43487","99","10861","Fife, Scotland","527","https://pbs.twimg.com/profile_banners/1318992444164276225/1642019670","https://x.com/delagorepixels","https://pbs.twimg.com/profile_images/1958620978440749056/SL0r1gMZ_normal.png","No","No","No","No","","","","2020-10-21T19:08:08.000Z","2025-12-30T13:20:55.486Z"
"VXNlcjoxNTM4ODQxODA4NTQ5MTU4OTEy","1538841808549158912","Mitra","GodLikePixels","Yes","Pixel Artist - Commissions Closed. Contact : godlikepixels@gmail.com 
Collection :https://t.co/IHJgoGX1VD","4384","4384","671","12211","53","6335","","1098","https://pbs.twimg.com/profile_banners/1538841808549158912/1754891271","https://x.com/GodLikePixels","https://pbs.twimg.com/profile_images/1876634232866451456/kWBBIS--_normal.jpg","Yes","No","No","No","Creator","","","2022-06-20T11:11:51.000Z","2025-12-30T13:20:55.486Z"
"VXNlcjozMDcwMzU0MzU=","307035435","Heriumu","ElioUbaldi","Yes","Pixel artist / Musician / 🇮🇹

Portfolio : https://t.co/ipadvpofCl  

- Never pay more than 20 bucks for a computer game. -","3398","3398","1398","8093","46","1370","Napoli, Campania","777","https://pbs.twimg.com/profile_banners/307035435/1674243724","https://x.com/ElioUbaldi","https://pbs.twimg.com/profile_images/1988055807703851008/jgbFEiaw_normal.jpg","No","No","No","No","Creator","Id: 1017, Name: Artist","""is_enabled"": ""false""","2011-05-28T22:18:40.000Z","2025-12-30T13:20:55.486Z"
"VXNlcjoxMDIxNDM1Nzg3ODEwOTM0Nzg0","1021435787810934784","🌷 barelypixels | Vgen","barelyawokenart","Yes","Barely a pixelartist 🎀🌷 🖌️ 🏷️ Commissions OPEN 💌 Email: rosedominea@gmail.com","1427","1427","881","26096","17","1611","Norway","177","https://pbs.twimg.com/profile_banners/1021435787810934784/1762264223","https://x.com/barelyawokenart","https://pbs.twimg.com/profile_images/1969009996487639040/EtBdK_Ai_normal.jpg","No","No","No","No","Creator","Id: 1017, Name: Artist","","2018-07-23T16:44:03.000Z","2025-12-30T13:20:55.486Z"
"VXNlcjoyNzU2NDgwMjA=","275648020","Game From Scratch","gamefromscratch","Yes","Game development news, tutorials, reviews and more.","27080","27080","235","270","370","13991","","2272","https://pbs.twimg.com/profile_banners/275648020/1531184054","https://x.com/gamefromscratch","https://pbs.twimg.com/profile_images/527894601026113536/SBO6h0Gk_normal.png","No","No","No","No","","","","2011-04-01T18:11:59.000Z","2025-12-30T13:20:55.486Z"
"VXNlcjoyNzAxODIzMzg5","2701823389","Jannis","JannisX11","No","Tech/Video/Photography enthusiast.
Tech artist and developer @SparkUniverse.
Creator tool dev @Mojang and @HypixelStudios
Creator of @blockbench.
he/him","3888","3888","129","2515","15","2195","Germany","351","https://pbs.twimg.com/profile_banners/2701823389/1656655677","https://x.com/JannisX11","https://pbs.twimg.com/profile_images/1315046383724965888/aV62LwNr_normal.jpg","No","No","No","No","","","","2014-08-02T21:38:33.000Z","2025-12-30T13:20:55.486Z"
"VXNlcjoyOTQyMDIxODMx","2942021831","Luden.io","luden_io","No","https://t.co/88j4kIB6Up is an educational game developer. Developers of @whiletruegame, @Craftomation101 @learningfact0ry. Our latest game is SuperWEIRD!","1785","1785","659","3268","66","1995","","366","https://pbs.twimg.com/profile_banners/2942021831/1524068849","https://x.com/luden_io","https://pbs.twimg.com/profile_images/1247504853561196544/hhuXhH-h_normal.jpg","Yes","No","No","No","","","","2014-12-26T11:34:39.000Z","2025-12-30T13:20:55.486Z"
"VXNlcjoxNDIzOTA3OA==","14239078","Daniel - Storyteller","danielben","Yes","A videogame about building stories","12094","12094","644","17961","285","8024","","844","https://pbs.twimg.com/profile_banners/14239078/1627847549","https://x.com/danielben","https://pbs.twimg.com/profile_images/2002735145875365888/LW13Y4l0_normal.jpg","No","No","No","No","","","","2008-03-27T21:53:54.000Z","2025-12-30T13:20:55.486Z"
"VXNlcjoxOTczNDY0NjY0NjA1NTk3Njk4","1973464664605597698","Gemmy Gems 💎","GemmyGems_","Yes","An indie game about digging, shopping, and sifting in a magical, Moebius-inspired world. Wishlist here 👉","173","173","588","1056","1","258","","135","https://pbs.twimg.com/profile_banners/1973464664605597698/1764706946","https://x.com/GemmyGems_","https://pbs.twimg.com/profile_images/1995950884660879360/zZyktKkm_normal.jpg","Yes","No","No","No","","","","2025-10-01T19:07:08.000Z","2025-12-30T13:20:55.486Z"
"VXNlcjoxMjI4MjU2MDg4NzQ4OTYxNzkz","1228256088748961793","aleha_84","84Aleha","Yes","Creating cozy #pixelart scenes

Support: 
https://t.co/pREMwHN97M
https://t.co/0ljK1AZWR8","89493","89493","120","22109","828","7761","home","1655","https://pbs.twimg.com/profile_banners/1228256088748961793/1582842006","https://x.com/84Aleha","https://pbs.twimg.com/profile_images/1233260784001699841/3iypJ3rN_normal.jpg","No","No","No","No","","","""is_enabled"": ""true""
""bitcoin_handle"": ""15toShkJzAaiygERJrDn7XbLatZyV9qCAK""
""ethereum_handle"": ""0x9ccE5aA59216e49a5d0728d5Eb50A588f81e0495""
""patreon_handle"": """"","2020-02-14T09:54:15.000Z","2025-12-30T13:20:55.486Z"
"VXNlcjoyNDY5Nzc3Mzk2","2469777396","Jan Orszulik","JanOrszulik","Yes","Developer of Precursor. Indie developer/game designer/rendering programmer working on various projects.","14679","14679","40","16040","217","7227","Česká republika","1371","https://pbs.twimg.com/profile_banners/2469777396/1732881373","https://x.com/JanOrszulik","https://pbs.twimg.com/profile_images/1189160928216006658/obYiYuby_normal.jpg","No","No","No","No","","","","2014-04-29T19:46:30.000Z","2025-12-30T13:20:55.486Z"
"VXNlcjoxNzcwMzc1NTQ=","177037554","YUNG","yungnickyoung","Yes","Professional Minecraft mod developer with 1B+ downloads /
Owner @refresh_studios","23618","23618","360","12906","60","1995","US","542","https://pbs.twimg.com/profile_banners/177037554/1671645196","https://x.com/yungnickyoung","https://pbs.twimg.com/profile_images/1582446805350027276/WMiWFpYG_normal.jpg","Yes","No","No","No","","","","2010-08-11T02:42:27.000Z","2025-12-30T13:20:55.486Z"
"VXNlcjoxMjkyODMzOTI0MjA1NDgxOTg5","1292833924205481989","Joosh","Joosh7889","Yes","""🍄""

🌻Support me: 
https://t.co/px2rVTJ4wN 

🍄My store:
https://t.co/qEMhLcreo1

🪴Bonsai Studios:
https://t.co/5i9Ft4Pfuu

🪴🌱🌻","35352","35352","252","3926","117","1923","","683","https://pbs.twimg.com/profile_banners/1292833924205481989/1754572648","https://x.com/Joosh7889","https://pbs.twimg.com/profile_images/1945309632412430336/8ftijhCd_normal.png","No","No","No","No","Creator","","","2020-08-10T14:43:32.000Z","2025-12-30T13:20:55.486Z"
"VXNlcjoxMjE4ODU2NDY5NjUyNzQyMTQ1","1218856469652742145","Ninni","Ninnih_","Yes","• He/Him • AroApe • Artist, Minecraft Mod Dev, Composer, Sound Designer and Animator 

• I'm also on the butterfly site yay","13274","13274","645","4786","58","3467","Italy","1013","https://pbs.twimg.com/profile_banners/1218856469652742145/1737253066","https://x.com/Ninnih_","https://pbs.twimg.com/profile_images/1880801794122534912/PX7BuWqH_normal.jpg","No","No","No","No","Creator","Id: 1017, Name: Artist","","2020-01-19T11:23:33.000Z","2025-12-30T13:20:55.486Z"
"VXNlcjoxMzY4NzU5ODQzMDY3MjA3Njgw","1368759843067207680","Supplementaries","Supplementariez","Yes","The official Twitter page for the Supplementaries Minecraft mod. Over 150 million downloads strong!
#Minecraft #Supplementaries

https://t.co/x2ovLOrAKL","31501","31501","64","6908","66","2112","North Sentinel Island","726","https://pbs.twimg.com/profile_banners/1368759843067207680/1634230715","https://x.com/Supplementariez","https://pbs.twimg.com/profile_images/1650323406716321794/uyWUKb4p_normal.jpg","Yes","No","No","No","","","","2021-03-08T03:06:01.000Z","2025-12-30T13:20:55.486Z"
"VXNlcjoyNjExNjQ1Mjc0","2611645274","Gamemode One","gmodeone","Yes","Official @Minecraft Partner and Creators of @mob_maze
+MC Sonic, HTTYD, Both Avatars & PAC-MAN!

https://t.co/lynlFP6sdX 
https://t.co/Uu3sNnupCe","13387","13387","18","2361","39","1542","Halifax, Nova Scotia","633","https://pbs.twimg.com/profile_banners/2611645274/1765908179","https://x.com/gmodeone","https://pbs.twimg.com/profile_images/2000990044899745801/uiTJ0ZLd_normal.png","Yes","No","No","No","Business","Id: 1037, Name: Game Developer","","2014-07-08T13:06:03.000Z","2025-12-30T13:20:55.486Z"
"VXNlcjo4NjYzMTc3Nzc0Mzg3NDA0ODA=","866317777438740480","hatsondogs","hatsondogs_","Yes","🖌️ texture / branding artist • @TeamAbnormals
⚔️ worked with @TwitchRivals + @MoonflowerTeam","10844","10844","1174","38106","45","4164","Ohio, USA","1167","https://pbs.twimg.com/profile_banners/866317777438740480/1740796197","https://x.com/hatsondogs_","https://pbs.twimg.com/profile_images/1847726446409576448/AKuBWlRv_normal.jpg","No","No","No","No","Creator","Id: 1017, Name: Artist","","2017-05-21T15:40:28.000Z","2025-12-30T13:20:55.486Z"
"VXNlcjozNzIwNzYyODQ=","372076284","SystemZee","SystemZee","No","Content Creator on YouTube! 
Proudly creating for over 1 MILLION  amazing subscribers!

✉️: systemzee@mythictalent.com","25461","25461","689","5937","44","14170","YouTube","3046","https://pbs.twimg.com/profile_banners/372076284/1646332652","https://x.com/SystemZee","https://pbs.twimg.com/profile_images/1600544283450286080/7f5RdZys_normal.jpg","Yes","No","No","No","","","","2011-09-12T02:38:47.000Z","2025-12-30T13:20:55.486Z"
"VXNlcjozMDQ0MTkwMzM=","304419033","Scott (ECKOSOLDIER)","eckoxsoldier","Yes","Online Personality | 2 mil + Subscribers | business eckoxsoldier@mail.com | #LFC fan | My life is made of #Minecraft blocks⛏️","79593","79593","655","25346","193","106665","Liverpool - United Kingdom","25038","https://pbs.twimg.com/profile_banners/304419033/1704751940","https://x.com/eckoxsoldier","https://pbs.twimg.com/profile_images/1708928712203239424/AqKVgebv_normal.jpg","Yes","No","No","Yes","Creator","Id: 1042, Name: Content Creator","""is_enabled"": ""true""","2011-05-24T13:44:26.000Z","2025-12-30T13:20:55.486Z"
"VXNlcjoxMzgxNjQzMzU4","1381643358","Jay Wells ⛏️","Mega_Spud","No","Community Manager @Minecraft ⛏️

How to report a Minecraft bug: https://t.co/XbxKWU1hqE  

@Mojang || @Xbox || @Microsoft","75107","75107","718","22412","243","10330","UK 🇬🇧","1562","https://pbs.twimg.com/profile_banners/1381643358/1625849885","https://x.com/Mega_Spud","https://pbs.twimg.com/profile_images/1351610121579884546/-HsBDB6H_normal.jpg","No","No","No","No","","","","2013-04-26T11:10:29.000Z","2025-12-30T13:20:55.486Z"
"VXNlcjoxMjEyMDI2MDA2MTk5OTEwNDAw","1212026006199910400","Pixelstories","pixelstoriez","Yes","Game Artist at @SparkUniverse. all views are my own. he/him 🏳️‍🌈","9856","9856","681","11994","44","457","United States","131","https://pbs.twimg.com/profile_banners/1212026006199910400/1708014942","https://x.com/pixelstoriez","https://pbs.twimg.com/profile_images/1612558348703997954/8L3ksNNA_normal.jpg","No","No","No","No","Creator","","","2019-12-31T15:01:43.000Z","2025-12-30T13:20:55.486Z"
"VXNlcjo5NTQzNTYzMTE2MjEyOTIwMzI=","954356311621292032","Blockbench","blockbench","No","A low-poly 3D modeling program by @JannisX11

Posting development updates and sharing cool models!
Not a support account.","33426","33426","51","9737","83","1733","","149","https://pbs.twimg.com/profile_banners/954356311621292032/1728046326","https://x.com/blockbench","https://pbs.twimg.com/profile_images/954357094844649472/OIBs4kpI_normal.jpg","No","No","No","No","Business","Id: 986, Name: Software Application","","2018-01-19T14:14:10.000Z","2025-12-30T13:20:55.486Z"
"VXNlcjo3NzcyODA0NDMwMjAzNDUzNDQ=","777280443020345344","eli 🌊","inteledits","Yes","ceo of amazon | @LunarClient and @HypixelNetwork Partner | https://t.co/GZOnGNIpiG @the_flowshop | banner by @AngeIicat

buy my lunar cloak https://t.co/AEGSF6qxSD","39582","39582","617","27737","25","12872","he/him","1820","https://pbs.twimg.com/profile_banners/777280443020345344/1625944882","https://x.com/inteledits","https://pbs.twimg.com/profile_images/1452819061989986304/puaNHl1J_normal.jpg","No","No","No","No","Creator","Id: 934, Name: Social Media Influencer","","2016-09-17T22:57:53.000Z","2025-12-30T13:20:55.486Z"
"VXNlcjoyNDU0ODY2MjM=","245486623","ThirtyVirus","ThirtyVirus","Yes","Brandon Calabrese: YouTuber & Streamer, Twitch and Discord Partner, Game Dev, said the F word | Founder @ButtonPress | Contact: thirtyvirus1@live.com","53875","53875","423","6274","41","7342","Tampa, FL","1712","https://pbs.twimg.com/profile_banners/245486623/1534980567","https://x.com/ThirtyVirus","https://pbs.twimg.com/profile_images/1730290403650277376/TmtYUb3z_normal.jpg","Yes","No","No","No","Creator","Id: 1042, Name: Content Creator","","2011-01-31T20:18:51.000Z","2025-12-30T13:20:55.486Z"
"VXNlcjo4NTk5MDM2NzE0NTQzNTU0NTY=","859903671454355456","Bitzel","BitzelYT","Yes","links: https://t.co/N6ef6kiIJH","52099","52099","930","27629","97","8789","he/him","1503","https://pbs.twimg.com/profile_banners/859903671454355456/1750907410","https://x.com/BitzelYT","https://pbs.twimg.com/profile_images/1920962008020643840/qjr8uJ0r_normal.jpg","No","No","No","No","Creator","Id: 1042, Name: Content Creator","","2017-05-03T22:53:06.000Z","2025-12-30T13:20:55.486Z"
"VXNlcjoxMjkzNjIyNDE2MDAyNzgxMTg0","1293622416002781184","iTMG 🦭","itmgalt","No","im The Musical Gamer - as seen as @itmg on bluesky social🦋 - use code iTMG on hypixel stor for discount and to support your local creature","31734","31734","1168","10366","18","2381","the creature","817","https://pbs.twimg.com/profile_banners/1293622416002781184/1660013757","https://x.com/itmgalt","https://pbs.twimg.com/profile_images/1713974472968159232/nwokggdI_normal.jpg","No","No","No","No","","","","2020-08-12T18:56:41.000Z","2025-12-30T13:20:55.486Z"
"VXNlcjoxMDA5Nzc4MTc3MjkwMzIxOTIy","1009778177290321922","SammyGreen","sammygreenbw","Yes","retired aussie bedwars guy • alt: @sammygreeen","41440","41440","365","28907","102","10610","he/him • pfp by @Kunoli2 ","1041","https://pbs.twimg.com/profile_banners/1009778177290321922/1664848917","https://x.com/sammygreenbw","https://pbs.twimg.com/profile_images/1577116778656067586/QamfHmmY_normal.png","No","No","No","No","","","","2018-06-21T12:40:53.000Z","2025-12-30T13:20:55.486Z"
"VXNlcjoxMTk2MDA3MzA4MDc0OTk1NzE0","1196007308074995714","im a squid kid","im_a_squid_kid","Yes","im a squid! im a kid! (im 25) (he/him) YouTube: https://t.co/lm4uvV7fCu Twitch: https://t.co/mnGBmjsypH Business Email: squidkidbiz@gmail.com","94604","94604","483","13722","126","2996","a potato farm","338","https://pbs.twimg.com/profile_banners/1196007308074995714/1612002589","https://x.com/im_a_squid_kid","https://pbs.twimg.com/profile_images/1196007375724957697/ANRyw6hF_normal.png","No","No","No","No","","","","2019-11-17T10:09:06.000Z","2025-12-30T13:20:55.486Z"
"VXNlcjoxMDQ2OTEwOTk5ODgwNzY5NTM3","1046910999880769537","Lunar Client","LunarClient","No","The #1 Free Minecraft Client. Available on Windows, macOS, and Linux for Minecraft versions 1.7 through 1.21. Follow our socials: https://t.co/D4NmxvIjb5","133252","133252","266","379","40","532","Not affiliated with Mojang","315","https://pbs.twimg.com/profile_banners/1046910999880769537/1761075443","https://x.com/LunarClient","https://pbs.twimg.com/profile_images/1792320104715239424/7BuDwFzo_normal.png","No","No","No","No","Business","Id: 716, Name: Video Game Company","","2018-10-01T23:53:27.000Z","2025-12-30T13:20:55.486Z"
"VXNlcjoxNDUyNDgwNjg0","1452480684","Hypixel Server","HypixelNetwork","No","The official Hypixel Server account! 
Play the best Minecraft minigames for free, log in on mc․hypixel․net. 
For help, visit https://t.co/dxgXZw5MbD","493250","493250","146","1972","245","2931","","869","https://pbs.twimg.com/profile_banners/1452480684/1501547944","https://x.com/HypixelNetwork","https://pbs.twimg.com/profile_images/1346968969849171970/DdNypQdN_normal.png","No","No","No","No","","","","2013-05-23T20:50:31.000Z","2025-12-30T13:20:55.486Z"
"VXNlcjoxMDk4MjYzODU5NDAyNTU1Mzky","1098263859402555392","looshy","looshysucks","Yes","i make minecraft texture packs || buy my lunar cloaks!!! https://t.co/vCrYhaUWV6 || https://t.co/91PKCXvSmg","42057","42057","681","40818","37","9664","jay ^_~","1712","https://pbs.twimg.com/profile_banners/1098263859402555392/1630374983","https://x.com/looshysucks","https://pbs.twimg.com/profile_images/1662962488990658569/bw6QBvqy_normal.jpg","Yes","No","No","No","Creator","","""is_enabled"": ""true""
""cash_app_handle"": ""$luc1y""","2019-02-20T16:51:23.000Z","2025-12-30T13:20:55.486Z"
"VXNlcjo3MjI3NzUwODY=","722775086","Noah","Pikaclicks","Yes","that minecraft event guy. no the other one","60741","60741","997","142235","145","3595","Austin, TX","108","https://pbs.twimg.com/profile_banners/722775086/1746486559","https://x.com/Pikaclicks","https://pbs.twimg.com/profile_images/1919493177674764288/JWPuyo_-_normal.jpg","Yes","No","No","No","","","","2012-07-28T20:26:26.000Z","2025-12-30T13:20:55.486Z"
"VXNlcjoxNDM2MjYxMw==","14362613","Simon","Simon_Hypixel","No","Founder of Hypixel

Back working on @Hytale @Hypixel","274442","274442","1260","1310","189","4400","Quebec, Canada","373","https://pbs.twimg.com/profile_banners/14362613/1764649034","https://x.com/Simon_Hypixel","https://pbs.twimg.com/profile_images/1964520685956419584/M0aPVrmS_normal.jpg","Yes","No","No","No","Creator","","","2008-04-11T17:07:36.000Z","2025-12-30T13:20:55.486Z"
"VXNlcjoxNDYwMzYxMDU5MDAxMzgwODY0","1460361059001380864","Pixleygon","Pixleygon","Yes","3D Artist @ Quataun 👉 Buy my assets! https://t.co/84GyhEkLvg 🍃 @hiddenpixley","5455","5455","118","3082","8","2043","Commissions Closed!","192","https://pbs.twimg.com/profile_banners/1460361059001380864/1764674616","https://x.com/Pixleygon","https://pbs.twimg.com/profile_images/1995816739154665472/bkyTJF1x_normal.jpg","Yes","No","No","No","Creator","Id: 1037, Name: Game Developer","""is_enabled"": ""false""","2021-11-15T21:36:42.000Z","2025-12-30T13:21:05.539Z"
"VXNlcjoxMTAyMjI5NzU5MzYxMDQ4NTc3","1102229759361048577","SharKit","RSharkit","Yes","• Chinese l English l 日本語勉強中
• 像素繪師 l Pixel Artist
• 委託/企劃邀約/Commission/ドットアート依頼
   Email : sharkit.r18931125@gmail.com","53","53","124","1293","0","58","Hong Kong","30","https://pbs.twimg.com/profile_banners/1102229759361048577/1673114721","https://x.com/RSharkit","https://pbs.twimg.com/profile_images/1923376175306649600/2iPRUqI0_normal.jpg","No","No","No","No","","","","2019-03-03T15:30:27.000Z","2025-12-30T13:21:05.539Z"
"VXNlcjoyMDIyMjg5Ng==","20222896","Noxy","Noxywoxy","No","","49571","49571","2672","23366","115","14105","Derry / Londonderry","1456","","https://x.com/Noxywoxy","https://pbs.twimg.com/profile_images/1990480380969824256/Ms9ELyXp_normal.jpg","Yes","No","No","No","","","","2009-02-06T08:16:41.000Z","2025-12-30T13:21:05.539Z"
"VXNlcjoxMDk1NDMzNTQ3NjQ3NTc4MTEz","1095433547647578113","Hytale News","HytaleNewsYT","Yes","USE CODE: 'NEWS' #HytalePartner | Your #1 Source for all things Hytale! Hytale News Discord: https://t.co/GOmtkW64gP | Not Affiliated with @Hytale","30333","30333","136","2138","52","2238","Orbis","755","https://pbs.twimg.com/profile_banners/1095433547647578113/1720742058","https://x.com/HytaleNewsYT","https://pbs.twimg.com/profile_images/1811390405893660672/o21EPyF0_normal.jpg","Yes","No","No","No","Creator","Id: 579, Name: Media & News","","2019-02-12T21:24:44.000Z","2025-12-30T13:21:05.539Z"
"VXNlcjoxMjU2OTk1ODY1MDc3NzE0OTUx","1256995865077714951","violet! 🐝","vippori","Yes","🎬👾 Lowpoly 3D Artist & Animator
🌱 #HytalePartner - Use Code VIOLET
🏳️‍⚧️🏳️‍🌈 she/her - 22 💗
@hanerpop 

https://t.co/x1qDM4eqZm","121450","121450","4520","33026","630","19994","Manchester, UK","3357","https://pbs.twimg.com/profile_banners/1256995865077714951/1761831786","https://x.com/vippori","https://pbs.twimg.com/profile_images/1983889378721079297/W_e4PuDS_normal.png","No","No","No","No","Creator","","""is_enabled"": ""true""
""cash_app_handle"": """"
""gofundme_handle"": """"","2020-05-03T17:17:13.000Z","2025-12-30T13:21:05.539Z"
"VXNlcjoxMDg1NjYzNjQzNjg4MTQ4OTk0","1085663643688148994","KC Hytale","KweebecCorner","Yes","Hytale on Jan 13th! Use Code KWEEBEC #HytalePartner - Minecraft history guy, game designer, working w/ YouTubers https://t.co/aAV94nz91J","9540","9540","553","8135","30","6129","Orbis","1188","https://pbs.twimg.com/profile_banners/1085663643688148994/1622581931","https://x.com/KweebecCorner","https://pbs.twimg.com/profile_images/1990490788900274176/67ePUH2W_normal.jpg","Yes","No","No","No","","","","2019-01-16T22:22:38.000Z","2025-12-30T13:21:05.539Z"
"VXNlcjoxMDgxMTc4NTE3OTIzMTMxMzky","1081178517923131392","CanadianFlash","flash_canadian","Yes","CODE FLASH!! #HytalePartner || @Podcasthytale Co Host || I’m not good at twitter. For Business contact: canadianflashytbusiness@gmail.com","2852","2852","714","127947","16","45778","Ontario, Canada","3831","https://pbs.twimg.com/profile_banners/1081178517923131392/1763594228","https://x.com/flash_canadian","https://pbs.twimg.com/profile_images/1999259400188403716/jNPiFUtK_normal.jpg","Yes","No","No","No","","","","2019-01-04T13:20:20.000Z","2025-12-30T13:21:05.539Z"
"VXNlcjoxMDI2OTMzMzA3NzczMjU1Njgw","1026933307773255680","Myne","not_mynes","Yes","23 | Hytale Content Creator | Use code ""Myne"" in the Hytale Store | English & German | Business Inquiries: notmynebusiness@gmail.com","3642","3642","373","16449","18","8529","Orbis","2601","https://pbs.twimg.com/profile_banners/1026933307773255680/1758212090","https://x.com/not_mynes","https://pbs.twimg.com/profile_images/2005631224379785216/N43IUzLX_normal.jpg","Yes","No","No","No","Creator","","","2018-08-07T20:49:14.000Z","2025-12-30T13:21:05.539Z"
"VXNlcjozMTAyNDczMjQw","3102473240","BuddhaCat","ItsBuddhaCat","Yes","Community Manager | he/they | ❤️😸✌️ | Community Manager @Hytale, @Hypixel | pfp by @CrimzonKrow","10339","10339","1575","23286","81","11262","","2443","https://pbs.twimg.com/profile_banners/3102473240/1726064137","https://x.com/ItsBuddhaCat","https://pbs.twimg.com/profile_images/1833872024181104640/gFVhRofI_normal.jpg","Yes","No","No","No","","","","2015-03-22T03:24:39.000Z","2025-12-30T13:21:05.539Z"
"VXNlcjoyOTYyMjQ2ODI=","296224682","Thomas Frick","ThomasFrick","No","Art direction for @Hytale . Former @riotgames . Passionate about art! Addict to travels and tasty food. Find me on bluesky https://t.co/ePqizaAdHJ","11600","11600","528","8507","125","5896","Strasbourg","785","https://pbs.twimg.com/profile_banners/296224682/1579532085","https://x.com/ThomasFrick","https://pbs.twimg.com/profile_images/1073262094370234368/2oYw_Vij_normal.jpg","No","No","No","No","","","","2011-05-10T12:05:06.000Z","2025-12-30T13:21:05.539Z"
"VXNlcjo3MTg5MzgwNDM1Nzk2Mzc3NjA=","718938043579637760","Hytale","Hytale","No","Embark on a journey of adventure and creativity! Hytale is an upcoming game from @Hypixel Studios.","326088","326088","105","4468","324","504","","214","https://pbs.twimg.com/profile_banners/718938043579637760/1687884734","https://x.com/Hytale","https://pbs.twimg.com/profile_images/1673735997832544257/wm8kw9J7_normal.jpg","Yes","No","No","No","","","","2016-04-09T23:06:01.000Z","2025-12-30T13:21:05.539Z"
"VXNlcjoxMTQ4NDkyNjYzNTE3MTM4OTQ1","1148492663517138945","Lee","CrimzonKrow","Yes","oohf","1197","1197","313","25189","6","1869","","318","https://pbs.twimg.com/profile_banners/1148492663517138945/1626634133","https://x.com/CrimzonKrow","https://pbs.twimg.com/profile_images/1358208263981051904/vd-Lj21-_normal.jpg","No","No","No","No","","","","2019-07-09T07:22:43.000Z","2025-12-30T13:21:05.539Z"
"VXNlcjoxMTIyMTMwOTMxMTE5MjEwNDk3","1122130931119210497","Hugo 🍃","HugoTrork","Yes","Developer at @Noxcrew, @MCChampionship_ •
@Hytale Content Creator @ YouTube | Code HUGO •
contact@hugotrork.com / Business: business@hugotrork.com • he/him","3553","3553","578","13408","11","9377","Trork Camp, Orbis","1153","https://pbs.twimg.com/profile_banners/1122130931119210497/1713390041","https://x.com/HugoTrork","https://pbs.twimg.com/profile_images/1992628163747229696/KdIloEFp_normal.jpg","Yes","No","No","No","Creator","Id: 1037, Name: Game Developer","","2019-04-27T13:30:36.000Z","2025-12-30T13:21:05.539Z"
"VXNlcjoxOTc4ODI2Nzg=","197882678","Ethan McKinnon","LuclinFTW","No","Art Director / Solo creator of @riftwalkergame @mrsluclin = Player #2 @justlilethan = Carbon copy / Man of God / Prv: VP of Digex @melonverse / Mixer MS","33670","33670","752","19785","207","30021","","6081","https://pbs.twimg.com/profile_banners/197882678/1757641571","https://x.com/LuclinFTW","https://pbs.twimg.com/profile_images/1886972843205795841/scVUFV8w_normal.jpg","No","No","No","No","Business","Id: 958, Name: Entrepreneur","","2010-10-02T18:37:32.000Z","2025-12-30T13:21:05.539Z"
"VXNlcjo0NTU0NDExNzE=","455441171","ivy sly","ivy_sly_","Yes","jerk of some trades
🦋: @ https://t.co/Ka3zE9W46J","23676","23676","1001","10225","113","6069","oregon","907","https://pbs.twimg.com/profile_banners/455441171/1623309937","https://x.com/ivy_sly_","https://pbs.twimg.com/profile_images/1908292852939186180/vk7CfN_G_normal.jpg","No","No","No","No","","","","2012-01-05T03:36:42.000Z","2025-12-30T13:21:05.539Z"
"VXNlcjoxMjc4MzU5ODQ3ODgxMzc1NzQ0","1278359847881375744","Mrmo Tarius","MrmoTarius","Yes","I make things!
Procedural, sandbox and simulation stuff fascinates me to no end.

If you like what I do, please consider supporting me at https://t.co/CSzVtDblEz ☕","40299","40299","1452","20439","379","10644","","4486","https://pbs.twimg.com/profile_banners/1278359847881375744/1655712573","https://x.com/MrmoTarius","https://pbs.twimg.com/profile_images/1481217316817887237/hIY1QKt7_normal.png","No","No","No","No","Creator","Id: 1025, Name: Graphic Designer","","2020-07-01T16:09:07.000Z","2025-12-30T13:21:05.539Z"
"VXNlcjoxOTQ5OTYyNA==","19499624","Johan Peitz - wishlist Icy Tower!","johanpeitz","Yes","#pixelart and #lofi enthusiast. Made picoCAD and a long time ago Icy Tower. 

Wishlist the new Icy Tower:
https://t.co/gtTO7FbqKY","24829","24829","1180","26302","356","21721","Göteborg, Sweden","2194","https://pbs.twimg.com/profile_banners/19499624/1668413407","https://x.com/johanpeitz","https://pbs.twimg.com/profile_images/1506394931446824968/8WLhlQvA_normal.jpg","No","No","No","No","Creator","","""is_enabled"": ""true""
""patreon_handle"": ""johanpeitz""","2009-01-25T19:00:44.000Z","2025-12-30T13:21:05.539Z"
"VXNlcjo0MTYwOTI3NQ==","41609275","Devolver Digital","devolverdigital","No","Edutainment for Active Toddlers | Support: support@devolverdigital.com","382838","382838","615","32480","2296","35343","Austin, TX & London, UK","10809","https://pbs.twimg.com/profile_banners/41609275/1529152132","https://x.com/devolverdigital","https://pbs.twimg.com/profile_images/1752756600266203136/zwIE915Y_normal.jpg","No","No","No","No","Business","Id: 15, Name: Entertainment & Recreation","","2009-05-21T15:37:36.000Z","2025-12-30T13:21:05.539Z"
"VXNlcjo5NzE0MzQ0Mjg0NDk5MTA3ODU=","971434428449910785","ｈｅｉｎｎ","heinn_dev","Yes","🍤 lowpoly shrimp 🍤 The Big Catch @FiletGroup 🍤 Dread Delusion @LovelyHellplace 🍤","31705","31705","647","19126","215","1953","","992","https://pbs.twimg.com/profile_banners/971434428449910785/1697161564","https://x.com/heinn_dev","https://pbs.twimg.com/profile_images/1804885679064621056/6f7u8czp_normal.jpg","No","No","No","No","","","","2018-03-07T17:16:30.000Z","2025-12-30T13:21:05.539Z"
"VXNlcjoxNDA3ODgzOTY0NDcyMTg0ODMy","1407883964472184832","Bobby","BobbyBadinga","Yes","Australian Professional Raven competitor!

@NoSurrenderGG

https://t.co/mBv1tzGHJL
Contact - bobbybadinga@gmail.com","960","960","632","19259","2","2074","Adelaide, South Australia","138","https://pbs.twimg.com/profile_banners/1407883964472184832/1725707769","https://x.com/BobbyBadinga","https://pbs.twimg.com/profile_images/1831566176893464576/Noe0Ducd_normal.jpg","Yes","No","No","No","","","","2021-06-24T02:11:17.000Z","2025-12-30T13:21:05.539Z"
"VXNlcjo2OTY3OTE2Ng==","69679166","Dave NewBlood","DaveOshry","Yes","The @NewBlood guy","131314","131314","888","266028","516","158427","Born in NY / Lives in NZ","36480","https://pbs.twimg.com/profile_banners/69679166/1709137379","https://x.com/DaveOshry","https://pbs.twimg.com/profile_images/1874777203939893248/bk_bv1cc_normal.jpg","No","No","No","No","","","","2009-08-28T19:58:07.000Z","2025-12-30T13:21:05.539Z"
"VXNlcjoxNDYwNTUzNjYzMDQ3NDc1MjAw","1460553663047475200","Capn' Mordreds Positronic Opera","ZloNoNameSov","Yes","I consume sattelites.
AND NOW MAKING AN INDIE SHOW ALL BY MY GOD-DAMN SELF https://t.co/0iGeOEDDGL

An it 🏳️‍⚧️","43804","43804","68","43973","258","27002","boosty.to/zlosov","7788","https://pbs.twimg.com/profile_banners/1460553663047475200/1756744872","https://x.com/ZloNoNameSov","https://pbs.twimg.com/profile_images/1962556333187649536/LFeOHUIq_normal.jpg","No","No","No","No","","","","2021-11-16T10:21:53.000Z","2025-12-30T13:21:05.539Z"
"VXNlcjo3MjY5MjExMDQwMzY2NDI4MTc=","726921104036642817","David Szymanski","DUSKdev","No","Made Iron Lung, Dusk, Squirrel Stapler, Butcher's Creek, and more.  Working on an isometric shooter called B.U.G.B.I.T.E","178543","178543","528","66146","398","59320","Pennsylvania, USA","3316","https://pbs.twimg.com/profile_banners/726921104036642817/1686064718","https://x.com/DUSKdev","https://pbs.twimg.com/profile_images/1594427232671469569/WatJ1E3q_normal.jpg","No","No","No","No","","","""is_enabled"": ""false""
""bandcamp_handle"": ""https://davidszymanski.bandcamp.com/""
""cash_app_handle"": ""duskdev""","2016-05-01T23:47:51.000Z","2025-12-30T13:21:05.539Z"
"VXNlcjoxMDAyODY0MDg2MDA1MDg0MTYx","1002864086005084161","Shingpapi","shingpapi","Yes","#gamedev #indiedev #opengl #cplusplus
discord - https://t.co/8bjlsb2ehb","31515","31515","60","4409","258","1852","","500","https://pbs.twimg.com/profile_banners/1002864086005084161/1573275870","https://x.com/shingpapi","https://pbs.twimg.com/profile_images/1193031579230097408/WcKwYlSR_normal.png","No","No","No","No","Business","Id: 713, Name: Science & Technology","","2018-06-02T10:46:45.000Z","2025-12-30T13:21:05.539Z"
"VXNlcjoxODkwNTAzMDM2NDI4MDc1MDA4","1890503036428075008","James Zack","JamesZackX","Yes","🟢 Building https://t.co/2loSHmDrQq to $1k in 30 Days (https://t.co/xY2ueC2hHb)
📱 Founded https://t.co/KgeRylH4v9 💸 + https://t.co/kjwIBeempw 🔍
💰 $9 🟩⬜⬜⬜⬜⬜⬜⬜⬜⬜ $1k","1038","1038","125","4267","14","2150","Follow my journey 👉","200","https://pbs.twimg.com/profile_banners/1890503036428075008/1764794153","https://x.com/JamesZackX","https://pbs.twimg.com/profile_images/1891545245826850816/jCA_eSef_normal.jpg","No","No","No","No","","","","2025-02-14T20:47:18.000Z","2025-12-30T13:21:05.539Z"
"VXNlcjoxODU2MTAwNjYyMzkzODc2NTI3","1856100662393876527","The Labyrinth Of Time's Edge","Ventureweaver","No","Working on the largest text adventure ever written in QBasic. Join me on the adventure of a lifetime.","50","50","21","75","0","1153","Edmonton, Alberta","457","https://pbs.twimg.com/profile_banners/1856100662393876527/1757219426","https://x.com/Ventureweaver","https://pbs.twimg.com/profile_images/1982255886811664384/DAw5ExYN_normal.jpg","No","No","No","No","","","","2024-11-11T22:24:46.000Z","2025-12-30T13:21:05.539Z"
"VXNlcjo4MzMzNjkwNDg=","833369048","Joe Williamson","JoeCreates","No","Game developer, pixel artist, musician, magician.

https://t.co/W95vFGaY3k
https://t.co/H5oqGnGmbO

joe@joecreates.co.uk","32881","32881","1313","7257","633","4349","Bristol, UK","808","https://pbs.twimg.com/profile_banners/833369048/1418761892","https://x.com/JoeCreates","https://pbs.twimg.com/profile_images/857401304871784448/dUeDvxR7_normal.jpg","No","No","No","No","","","","2012-09-19T13:48:19.000Z","2025-12-30T13:21:05.539Z"
"VXNlcjoyMTQ3NDUyODE=","214745281","elchuo160.sol","elchuo160","Yes","#SolanaLover - Blockchain Dev | building @gableguardians | ex @allstarsAC LATAM Lead","1809","1809","1004","33144","43","15084","El Tigre - Venezuela","2009","https://pbs.twimg.com/profile_banners/214745281/1765913574","https://x.com/elchuo160","https://pbs.twimg.com/profile_images/1938293181776293889/RIO2fHMz_normal.jpg","Yes","No","No","No","","","""is_enabled"": ""true""
""bitcoin_handle"": ""1DmhGjnhzLKbrFU9tuZhsVNU6U9qrKwwDT""","2010-11-12T03:37:22.000Z","2025-12-30T13:21:05.539Z"
"VXNlcjoxMjc2NTA4NDA2Njg2Mzk2NDIy","1276508406686396422","Rozz Games","games_rozz","Yes","Indie Game Developer and creator, Love all things retro and good vibes. Together we are stronger 🫶
https://t.co/Ce6zkPNm29
#SuperPolygonGrandPrix","8944","8944","7118","85469","83","51212","England","9240","https://pbs.twimg.com/profile_banners/1276508406686396422/1735761877","https://x.com/games_rozz","https://pbs.twimg.com/profile_images/1874546389201350656/tc3E1dzD_normal.jpg","Yes","No","No","No","Creator","Id: 15, Name: Entertainment & Recreation","","2020-06-26T13:31:47.000Z","2025-12-30T13:21:05.539Z"
"VXNlcjoxOTI1ODU5MjU0ODE0MTAxNTA0","1925859254814101504","Emil","gamedev_forward","Yes","Making a low poly dragon adventure platformer in my free time. ""Where Dragons Once Ruled."" Sharing the game dev journey. 🐉 #indiedev","235","235","334","2949","2","588","","116","https://pbs.twimg.com/profile_banners/1925859254814101504/1765189534","https://x.com/gamedev_forward","https://pbs.twimg.com/profile_images/1933617583703379968/5JjZ2Rc-_normal.jpg","No","No","No","No","","","","2025-05-23T10:20:34.000Z","2025-12-30T13:21:05.539Z"
"VXNlcjozMDY4MTkyNzU5","3068192759","bromanguy | Wishlist SOULGRAVE","bromanguy0","Yes","Hobby solo dev working on SOULGRAVE – an action roguelike with boss fights that play like combat puzzles.

Wishlist here: https://t.co/22oSlRdqVP","4106","4106","1865","10703","34","2485","Ukraine","320","https://pbs.twimg.com/profile_banners/3068192759/1748529284","https://x.com/bromanguy0","https://pbs.twimg.com/profile_images/1973428598036897792/V8xjVBtj_normal.jpg","No","No","No","No","","","","2015-03-03T16:58:59.000Z","2025-12-30T13:21:05.539Z"
"VXNlcjoxNDU3OTEyNjkwMTk5MTA5NjMz","1457912690199109633","GameDev_JensenHu","jensenhu3","No","Game Producer & Creator of Star Fire: Eternal Cycle、Metal Revolution
Follow me for more info about the game.
https://t.co/68esZkWvn6","6193","6193","46","1181","65","1015","","356","https://pbs.twimg.com/profile_banners/1457912690199109633/1762415246","https://x.com/jensenhu3","https://pbs.twimg.com/profile_images/1986339613615476736/-3AzZ8L1_normal.jpg","Yes","No","No","No","Creator","Id: 15, Name: Entertainment & Recreation","","2021-11-09T03:27:40.000Z","2025-12-30T13:21:05.539Z"
"VXNlcjoxNTg0MjAwNTczNTgyMjgyNzUy","1584200573582282752","Pockolas","pockolas","Yes","🇧🇷 Game Developer & Artist

⭕ LOVE SICK CATS
⭕ MEAT BALLS FARM

♦️KOFI
https://t.co/RovfNviuSB

♦️Portifolio
https://t.co/JmOqgSMTPj","5706","5706","430","9645","20","2002","contato.pockolas@gmail.com","355","https://pbs.twimg.com/profile_banners/1584200573582282752/1763677771","https://x.com/pockolas","https://pbs.twimg.com/profile_images/2000006200671264768/0fLFJQke_normal.jpg","No","No","No","No","","","","2022-10-23T15:10:57.000Z","2025-12-30T13:21:05.539Z"
"VXNlcjoyMjUxMDE0MA==","22510140","Pablo Stanley","pablostanley","Yes","designer @v0","100317","100317","2281","29880","1514","15542","San Franciso","2659","https://pbs.twimg.com/profile_banners/22510140/1752975751","https://x.com/pablostanley","https://pbs.twimg.com/profile_images/1962900096875704320/bqLFzemH_normal.jpg","Yes","No","No","Yes","Creator","Id: 1020, Name: Product Designer","","2009-03-02T17:44:00.000Z","2025-12-30T13:21:05.539Z"
"VXNlcjoxNzA2OTY4MzQ1MjUyMDk4MDQ4","1706968345252098048","Rogue Duck Interactive","rogueducknet","Yes","Your Favorite Indie Strategy & Sim Games!

Wishlist 🧃Vending Machine Co: https://t.co/YE1uw14cbI

Makers of 🎲Dice & Fold  📦Cardboard Town ✈️ Lost But Found and more","13024","13024","810","3834","57","1447","Las Vegas, Nevada","491","https://pbs.twimg.com/profile_banners/1706968345252098048/1754465277","https://x.com/rogueducknet","https://pbs.twimg.com/profile_images/1785500460440510464/mjDA2Tvs_normal.jpg","Yes","No","No","No","Business","Id: 716, Name: Video Game Company","","2023-09-27T09:45:49.000Z","2025-12-30T13:21:05.539Z"
"VXNlcjoyMTY3NDU1NTM2","2167455536","Inglenook - Witchmarsh ToTD coming 2026!","inglenookgames","Yes","Two developers creating Witchmarsh. Wishlist Tea Party of the Damned now!  https://t.co/S8ksQFaVLT","5865","5865","206","1656","141","1684","Yorkshire and The Humber","294","https://pbs.twimg.com/profile_banners/2167455536/1401387565","https://x.com/inglenookgames","https://pbs.twimg.com/profile_images/419484199406428161/0h1_a-1G_normal.png","No","No","No","No","Creator","Id: 1037, Name: Game Developer","","2013-11-01T00:06:55.000Z","2025-12-30T13:21:05.539Z"
"VXNlcjoxOTI4NDM4NzY0ODM5MjUxOTY4","1928438764839251968","eddort","eddort_dev","No","Solo indie dev. Programmer diving into game development. Sharing progress, devlogs & experiments.","334","334","158","1340","1","146","","71","https://pbs.twimg.com/profile_banners/1928438764839251968/1761164309","https://x.com/eddort_dev","https://pbs.twimg.com/profile_images/1978378659871219712/dcbYUD83_normal.jpg","Yes","No","No","No","","","","2025-05-30T13:10:39.000Z","2025-12-30T13:21:05.539Z"
"VXNlcjozMjcxMjQwMzI2","3271240326","Vadenyxt","Vadenyxt","Yes","Developer of Deadzone Aeon

Join the Discord!","332","332","42","12307","1","2028","Mars","797","https://pbs.twimg.com/profile_banners/3271240326/1749410985","https://x.com/Vadenyxt","https://pbs.twimg.com/profile_images/1931795803657441281/R3_rd8cZ_normal.jpg","Yes","No","No","No","Creator","Id: 1037, Name: Game Developer","","2015-07-07T20:42:48.000Z","2025-12-30T13:21:05.539Z"
"VXNlcjoxMzI4ODA2NjcwMjg2MzgxMDYz","1328806670286381063","Socket | Wishlist now!","StudioToonas","No","Social worker simulator where you spy on people on behalf of a wall socket.
WHISHLIST: https://t.co/jlqgjCc9EK","89","89","51","4990","0","84","","60","https://pbs.twimg.com/profile_banners/1328806670286381063/1765367260","https://x.com/StudioToonas","https://pbs.twimg.com/profile_images/1998718835973636096/z481D7Xj_normal.jpg","No","No","No","No","","","","2020-11-17T21:06:58.000Z","2025-12-30T13:21:05.539Z"
"VXNlcjoyMTQ2NTkyNQ==","21465925","Jake Birkett - Veteran Indie","GreyAlien","No","Indie dev since 2005 (Grey Alien Games) Working on Forbidden Solitaire. Creator of Ancient Enemy, Shadowhand, Regency Solitaire + more. Retro games fan.","19268","19268","3288","96910","0","136234","Dorset, UK","9378","https://pbs.twimg.com/profile_banners/21465925/1738599526","https://x.com/GreyAlien","https://pbs.twimg.com/profile_images/1958112377104146432/X5-raYz-_normal.jpg","No","No","No","No","Business","Id: 716, Name: Video Game Company","","2009-02-21T05:28:30.000Z","2025-12-30T13:21:05.539Z"
"VXNlcjo0NDUxODk5NzE=","445189971","itch.io","itchio","No","Open indie game marketplace and DIY game jam host

Account support? Email support@itch.io","208296","208296","11","2292","1249","18271","San Francisco","11453","https://pbs.twimg.com/profile_banners/445189971/1481226775","https://x.com/itchio","https://pbs.twimg.com/profile_images/1212846124945428480/w1htiJ0v_normal.png","No","No","No","No","","","","2011-12-24T03:43:15.000Z","2025-12-30T13:21:05.539Z"
"VXNlcjo5MjA5MjQ5Mw==","92092493","Godot Engine","godotengine","Yes","Your free, open-source game engine 🎮🛠️

Develop your 2D & 3D games, cross-platform projects, or XR ideas!

https://t.co/RlOWFgRKhP","136690","136690","3","5258","866","4144","Online","758","https://pbs.twimg.com/profile_banners/92092493/1709880144","https://x.com/godotengine","https://pbs.twimg.com/profile_images/1819445313037287424/EP8_eRgr_normal.png","No","No","No","No","Business","Id: 986, Name: Software Application","","2009-11-23T19:23:05.000Z","2025-12-30T13:21:05.539Z"
"VXNlcjoyNDY2MjExNjE=","246621161","Chris","AdventureMtn","Yes","Video game marketing consultant at https://t.co/6WEMp3zyhU.","13509","13509","978","6678","145","8180","Arizona","992","https://pbs.twimg.com/profile_banners/246621161/1700233243","https://x.com/AdventureMtn","https://pbs.twimg.com/profile_images/662499162466861056/1XFH--FP_normal.jpg","No","No","No","No","Creator","Id: 716, Name: Video Game Company","","2011-02-03T03:53:00.000Z","2025-12-30T13:21:05.539Z"